player_name,team,pass_att,pass_att_high,pass_att_low,pass_cmp,pass_cmp_high,pass_cmp_low,pass_yds,pass_yds_high,pass_yds_low,pass_tds,pass_tds_high,pass_tds_low,pass_ints,pass_ints_high,pass_ints_low,rush_att,rush_att_high,rush_att_low,rush_yds,rush_yds_high,rush_yds_low,rush_tds,rush_tds_high,rush_tds_low,fumbles,fumbles_high,fumbles_low,fpts,fpts_high,fpts_low,rec_att,rec_att_high,rec_att_low,rec_yds,rec_yds_high,rec_yds_low,rec_tds,rec_tds_high,rec_tds_low,position,ppg,salary,home,opponent_rank
Aaron Rodgers,GB,35.4,41,32.6,23.8,27,21.6,307.9,348,263.8,2.7,3,2,0.4,1,0,3.3,5,2,14.9,29,0,0.1,0.2,0,0.2,0.5,0,23.8,27.1,20.4,0,0,0,0,0,0,0,0,0,QB,25.3,9800,true,20
Drew Brees,NO,38.1,42,29,27,30,22,305.8,340.2,267,2.7,3,2,0.5,1,0,1.5,3,0,4.2,10.9,0,0.1,0.2,0,0.1,0.3,0,22.5,25,20.1,0,0,0,0,0,0,0,0,0,QB,22.9,9100,true,24
Andrew Luck,IND,39.9,43,33,24.7,27.4,21,316.5,365,275.2,2.5,3,2,0.9,1.4,0,4.1,6,2.5,16.6,26,2.9,0,0.2,0,0.2,0.7,0,22.4,25.9,19.1,0,0,0,0,0,0,0,0,0,QB,28.6,9700,0,5
Peyton Manning,DEN,38.9,47.2,30,26,29.8,21,295.1,350.3,235,2.7,3,2,0.6,1.2,0,1.3,2,0,0,2,-1,0,0.1,0,0.1,0.3,0,21.3,24.3,19.8,0,0,0,0,0,0,0,0,0,QB,25.3,9300,true,8
Tom Brady,NE,38.8,44,36,25.4,27,22,290.3,340,250,2.5,3,2,0.6,2,0,1.2,2.1,0,1.6,6.2,0,0,0.1,0,0.1,0.4,0,20.7,24.4,18.1,0,0,0,0,0,0,0,0,0,QB,20.5,8500,0,10
Russell Wilson,SEA,29.5,35.7,25,17.8,19.5,16,220.7,234,208,1.3,2,1,0.4,1,0,7.8,10,6,48,60,31.5,0.4,1,0,0.2,0.7,0,19.9,23.8,16.4,0,0,0,0,0,0,0,0,0,QB,21.7,7700,0,30
Tony Romo,DAL,31.5,36.1,27,21.2,24.2,19,248.9,292.7,185,2.5,3,1.9,0.6,1,0,1.2,2.1,0,2,5,0,0,0.1,0,0.1,0.3,0,19.1,21,16.8,0,0,0,0,0,0,0,0,0,0,0,0,0,0
Matthew Stafford,DET,39,44.4,32,24.9,28.2,23,286.9,321.6,264.5,2,3,1.5,0.7,1.1,0,1.9,3,0,5.7,9,0,0.1,0.2,0,0.2,0.5,0,18.9,21.8,14.8,0,0,0,0,0,0,0,0,0,QB,17.5,7900,true,18
Jay Cutler,CHI,38.8,44,35.5,25.7,27.5,23,273.6,311.4,247,2.1,3,1.7,1,1,0.9,2.3,3,2,9.3,14.8,5,0,0.1,0,0.2,0.7,0,18.1,20.6,16.7,0,0,0,0,0,0,0,0,0,0,0,0,0,0
Ryan Tannehill,MIA,34.6,39.6,25,23.1,27,19,258.5,292,227,1.7,2,1,0.6,1,0,3.7,6,2.2,19.9,31,7.7,0.1,0.2,0,0.2,0.5,0,17.9,20.6,16.3,0,0,0,0,0,0,0,0,0,QB,18.2,7300,true,29
Colin Kaepernick,SF,29,35.9,24,17.8,21,15,218.9,253,199,1.5,2,1,0.2,0.8,0,5.5,8,3,33.2,57,19.5,0.1,0.2,0,0.2,0.6,0,17.5,19.4,16.4,0,0,0,0,0,0,0,0,0,QB,16.3,6500,0,12
Andy Dalton,CIN,31.8,39,28,20.3,22.2,18,239.7,266,221,1.8,2,1.4,0.6,1,0,3.4,5,2.2,10.1,18,6.6,0.1,0.2,0,0.1,0.2,0,17.1,19.3,14.7,0,0,0,0,0,0,0,0,0,QB,15.6,6000,true,21
Ben Roethlisberger,PIT,41,44,38,25.4,28,23,290.2,328,249,1.7,2,1,0.9,2,0,1.8,3,1,5.2,13,0,0,0.1,0,0.2,0.6,0,16.7,19.9,14,0,0,0,0,0,0,0,0,0,QB,22.1,8200,0,6
Philip Rivers,SD,38.1,45,34.7,24.5,28,23,273.1,291.6,251,1.9,2,1.7,1.1,2,0.7,1.9,3,0,4.1,8,0,0,0.1,0,0.2,0.5,0,16.7,17.8,15.9,0,0,0,0,0,0,0,0,0,QB,19.6,6800,true,17
Matt Ryan,ATL,40.4,43,36,26.6,29,24,301.7,341,271,1.6,2.1,1,0.9,1.1,0,1.4,2,0,5.4,12,0,0,0.1,0,0.5,1,0,16.6,20.7,15,0,0,0,0,0,0,0,0,0,QB,19.0,7000,0,14
Cam Newton,CAR,35.1,38.2,30,20.7,22.8,18,247.8,275.9,223,1.7,2,1,1.1,2,0.8,5.9,8,4.5,32.2,44,23.5,0.2,1,0,1.2,2,0.5,16.4,20,15.3,0,0,0,0,0,0,0,0,0,QB,17.6,6700,0,26
Eli Manning,NYG,36.8,40,33,23.3,25,21,258.6,288,219,1.9,2,1.6,1.1,2,0.9,1.2,3.5,0,4.3,16.4,0,0.1,0.2,0,0.2,0.5,0,16,19.2,14.8,0,0,0,0,0,0,0,0,0,QB,17.8,6900,0,19
Ryan Fitzpatrick,HOU,30.6,35,25,20.9,28,17.3,236.3,253,208.1,1.3,2,1,0.5,1,0,3.3,5.2,2,15,23.1,10,0,0.1,0,0.2,0.5,0,15,18.8,12.6,0,0,0,0,0,0,0,0,0,QB,17.6,6400,0,15
Mark Sanchez,PHI,37.6,41,34,23.3,26,21,266.9,311,243,1.5,2,1,1.2,2,0.9,3,5,1.9,8.2,21,3,0,0.2,0,0.3,1,0,14.8,18.4,12.1,0,0,0,0,0,0,0,0,0,QB,19.8,6300,true,1
Teddy Bridgewater,MIN,31.1,34,27,19.2,20.1,18,206.1,239.3,169,1.6,2,1,0.8,1,0,3.4,4,2,11.9,15,7,0.1,0.2,0,0.1,0.2,0,14.3,16.1,12.5,0,0,0,0,0,0,0,0,0,QB,13.9,5500,true,27
Shaun Hill,STL,31.4,36,28,18.9,21.4,17,229.3,246.6,209,1.4,2,1,0.6,1,0,1.8,3,1,8.1,12.7,0,0,0.1,0,0.3,0.9,0,14.1,16.6,11.9,0,0,0,0,0,0,0,0,0,QB,9.3,5500,0,31
Zach Mettenberger,TEN,31.5,35,28,19.1,22,16,228,276,213,1.6,2,1,1,2,0,1.7,2.4,1,6.2,15.4,2,0,0.1,0,0.1,0.4,0,14,15.9,11.3,0,0,0,0,0,0,0,0,0,QB,13.3,5600,true,28
Joe Flacco,BAL,33.2,37.2,27,20.8,23,18,245.9,274.1,210,1.3,2,1,0.8,1,0,1.6,3.6,0,4.4,17.3,0,0,0.1,0,0.1,0.4,0,13.9,19.3,11.9,0,0,0,0,0,0,0,0,0,QB,17.8,6600,0,2
Alex Smith,KC,30.8,36.9,25,19.5,22.3,15,215.9,262.5,171,1.2,2,0.8,0.6,1,0,3.2,5,2.3,13.9,20,7,0,0.1,0,0.1,0.4,0,13.6,15.6,11.4,0,0,0,0,0,0,0,0,0,QB,14.5,5700,0,11
Colt McCoy,WAS,33.7,40,30.5,21.9,27,19.5,262.8,321,216.9,1.1,2,0,0.9,1,0.7,1.8,4,0,4.6,8.2,0,0,0.1,0,0.3,0.8,0,13.4,16.2,9.8,0,0,0,0,0,0,0,0,0,QB,19.6,6000,true,16
Drew Stanton,ARI,32,33.9,27,18.4,22,13,228.6,271,203,1.1,2,0,0.9,1.1,0.7,2.2,3.5,1,9,17.5,2,0.2,1,0,0.1,0.2,0,13.2,15,11.1,0,0,0,0,0,0,0,0,0,QB,11.5,5200,true,4
Kyle Orton,BUF,35.4,40,31,22,25,19,242.6,277,211,1.3,2,1,1.2,2,0.8,1,2,0,1.6,4,-0.1,0,0.1,0,0.1,0.3,0,12.8,15.3,10,0,0,0,0,0,0,0,0,0,QB,16.5,5600,0,25
Brian Hoyer,CLE,34.4,40,28,19.7,23,16,244.1,281,186,1.1,1.3,1,1.1,2,0.6,1.8,3,0,4,14,0,0,0.2,0,0.1,0.3,0,12.3,14,10.4,0,0,0,0,0,0,0,0,0,QB,13.8,5200,true,22
Blake Bortles,JAC,33.4,38,28,19.5,23,17,212.2,252.5,189,1,1.1,1,1.3,2,1,3.6,4.3,2.7,20.4,32,13,0,0.2,0,0.2,0.5,0,12,13.6,10.9,0,0,0,0,0,0,0,0,0,0,0,0,0,0
Josh McCown,TB,34,37,30,20.5,22,18,242.8,273,225,1,1.1,0.7,1.3,2,0.9,1.9,3,0,7,15,0,0,0.1,0,0.2,0.7,0,11.3,13.6,9.1,0,0,0,0,0,0,0,0,0,QB,15.3,5500,0,7
Geno Smith,NYJ,27.2,32,14,15.6,18,8,168.5,210,130,0.8,1,0,1,1.3,0.7,4,5,3,20,26.7,12,0.2,1,0,0.2,0.6,0,10.8,13,8.6,0,0,0,0,0,0,0,0,0,QB,10.1,5200,0,9
Derek Carr,OAK,34.6,38,29,20.6,25,17,217.7,256,175,0.7,1,0,1.6,2,1,1.7,2,1,5.8,8.8,1,0.2,1,0,0.5,1,0,8.8,11,5.7,0,0,0,0,0,0,0,0,0,QB,12.6,5000,true,3
Johnny Manziel,CLE,2.5,8,0,1.5,5,0,16.6,57,0,0.1,0.5,0,0.1,0.2,0,0.6,2,0,3.2,11,0,0,0.1,0,0,0,0,1.5,5.6,0,0,0,0,0,0,0,0,0,0,QB,3.3,6200,true,22
Austin Davis,STL,0.6,2.1,0,0.4,1.3,0,3.9,14.6,0,0,0.1,0,0,0.1,0,0,0.1,0,0,0.2,0,0,0,0,0,0,0,0.2,0.8,0,0,0,0,0,0,0,0,0,0,QB,12.6,5000,0,31
Mike Glennon,TB,0.6,2.2,0,0.3,1.3,0,3.7,13.7,0,0,0.1,0,0,0.1,0,0.1,0.2,0,0.2,0.7,0,0,0,0,0,0,0,0.2,0.9,0,0,0,0,0,0,0,0,0,0,QB,16.9,5000,0,7
Brandon Weeden,DAL,0.5,1.8,0,0.3,1.1,0,3.7,13.6,0,0,0.1,0,0,0.1,0,0,0.1,0,0,0.2,0,0,0,0,0,0,0,0.2,0.8,0,0,0,0,0,0,0,0,0,0,0,0,0,0,0
Tom Savage,HOU,0.5,1.9,0,0.3,1.2,0,3.5,13.1,0,0,0.1,0,0,0.1,0,0,0.1,0,0,0.2,0,0,0,0,0,0,0,0.2,0.7,0,0,0,0,0,0,0,0,0,0,QB,-0.2,5000,0,15
Bruce Gradkowski,PIT,0.5,2.1,0,0.3,1.3,0,3.2,14.5,0,0,0.1,0,0,0.1,0,0,0.1,0,0.1,0.3,0,0,0,0,0,0,0,0.2,0.9,0,0,0,0,0,0,0,0,0,0,QB,-0.2,5000,0,6
Blaine Gabbert,SF,0.3,1,0,0.2,0.6,0,2.2,7.9,0,0,0.1,0,0,0,0,0,0.2,0,0.1,0.4,0,0,0,0,0,0,0,0.2,0.6,0,0,0,0,0,0,0,0,0,0,QB,6.0,5000,0,12
Chase Daniel,KC,0.5,1.9,0,0.3,1.1,0,3.5,12.8,0,0,0.1,0,0,0.1,0,0,0.1,0,0.1,0.2,0,0,0,0,0,0,0,0.2,0.7,0,0,0,0,0,0,0,0,0,0,QB,0.0,5000,0,11
Dan Orlovsky,DET,0.4,2,0,0.3,1.2,0,2.9,12.9,0,0,0.1,0,0,0.1,0,0,0.1,0,0.1,0.3,0,0,0,0,0,0,0,0.2,0.8,0,0,0,0,0,0,0,0,0,0,QB,0.0,5000,true,18
Luke McCown,NO,0.4,2,0,0.3,1.2,0,3,13.6,0,0,0.1,0,0,0.1,0,0,0.1,0,0.1,0.3,0,0,0,0,0,0,0,0.2,0.8,0,0,0,0,0,0,0,0,0,0,QB,0.0,5000,true,24
Tyrod Taylor,BAL,0.5,1.9,0,0.3,1.1,0,3.4,12.5,0,0,0.1,0,0,0.1,0,0,0.1,0,0.1,0.2,0,0,0,0,0,0,0,0.2,0.7,0,0,0,0,0,0,0,0,0,0,QB,-0.3,5000,0,2
Jake Locker,TEN,0.5,1.7,0,0.3,1,0,2.9,10.4,0,0,0.1,0,0,0.1,0,0,0.1,0,0.2,0.6,0,0,0,0,0,0,0,0.2,0.6,0,0,0,0,0,0,0,0,0,0,QB,12.8,5400,true,28
Tarvaris Jackson,SEA,0.4,1.9,0,0.2,1.1,0,2.8,12.9,0,0,0.1,0,0,0.1,0,0,0.1,0,0.1,0.3,0,0,0,0,0,0,0,0.2,0.7,0,0,0,0,0,0,0,0,0,0,QB,0.0,5000,0,30
E.J. Manuel,BUF,0.6,2.1,0,0.3,1.1,0,3.3,12,0,0,0.1,0,0,0.1,0,0,0.2,0,0.1,0.5,0,0,0,0,0,0,0,0.2,0.6,0,0,0,0,0,0,0,0,0,0,0,0,0,0,0
Michael Vick,NYJ,0.3,1.6,0,0.2,0.8,0,2,9,0,0,0,0,0,0.1,0,0.1,0.2,0,0.4,1.2,0,0,0,0,0,0,0,0.1,0.4,0,0,0,0,0,0,0,0,0,0,QB,5.3,5900,0,9
Robert Griffin III,WAS,0.5,1.7,0,0.3,0.9,0,2.7,9.6,0,0,0,0,0,0.1,0,0,0.1,0,0.1,0.3,0,0,0,0,0,0,0,0.1,0.4,0,0,0,0,0,0,0,0,0,0,QB,9.6,5000,true,16
Jimmy Garoppolo,NE,0.2,0.6,0,0.1,0.4,0,1.6,5,0,0,0,0,0,0,0,0,0.1,0,0,0,0,0,0,0,0,0,0,0.1,0.3,0,0,0,0,0,0,0,0,0,0,QB,1.7,5000,0,10
Matt Moore,MIA,0.2,0.5,0,0.1,0.4,0,1.5,4.6,0,0,0,0,0,0,0,0,0.1,0,0,0,-0.1,0,0,0,0,0,0,0.1,0.3,0,0,0,0,0,0,0,0,0,0,QB,0.3,5000,true,29
Matt Hasselbeck,IND,0.3,1.1,0,0.2,0.7,0,1.8,7.7,0,0,0,0,0,0,0,0,0.1,0,0,0,0,0,0,0,0,0,0,0.1,0.4,0,0,0,0,0,0,0,0,0,0,QB,0.3,5000,0,5
Derek Anderson,CAR,0.1,0.5,0,0.1,0.3,0,1.1,4.3,0,0,0,0,0,0,0,0,0.2,0,0,0.2,0,0,0,0,0,0,0,0.1,0.4,0,0,0,0,0,0,0,0,0,0,QB,8.5,5000,0,26
Chad Henne,JAC,0.3,1,0,0.1,0.5,0,1.6,5.1,0,0,0,0,0,0,0,0,0.1,0,0.1,0.5,0,0,0,0,0,0,0,0.1,0.3,0,0,0,0,0,0,0,0,0,0,0,0,0,0,0
Taylor Yates,ATL,0.3,0.8,0,0.2,0.5,0,1.7,5.5,0,0,0,0,0,0,0,0,0.1,0,0,0,0,0,0,0,0,0,0,0.1,0.3,0,0,0,0,0,0,0,0,0,0,0,0,0,0,0
Christian Ponder,MIN,0.3,1,0,0.1,0.5,0,1.4,4.5,0,0,0,0,0,0,0,0,0.1,0,0.1,0.5,0,0,0,0,0,0,0,0.1,0.2,0,0,0,0,0,0,0,0,0,0,QB,7.2,5000,true,27
Matt Schaub,OAK,0.4,1.6,0,0.2,0.9,0,1.9,8.1,0,0,0,0,0,0.1,0,0,0,0,0,0,-0.1,0,0,0,0,0,0,0.1,0.3,0,0,0,0,0,0,0,0,0,0,QB,-0.1,5000,true,3
Logan Thomas,ARI,0.3,1,0,0.1,0.5,0,1.6,5.4,0,0,0,0,0,0,0,0,0,0,0,0.1,0,0,0,0,0,0,0,0.1,0.2,0,0,0,0,0,0,0,0,0,0,QB,7.2,5000,true,4
Ryan Nassib,NYG,0,0.2,0,0,0.1,0,0.3,1.2,0,0,0,0,0,0,0,0,0,0,0,0,0,0,0,0,0,0,0,0,0.1,0,0,0,0,0,0,0,0,0,0,QB,0.8,5000,0,19
Jimmy Clausen,CHI,0.2,0.4,0,0.1,0.2,0,0.7,1.5,0,0,0,0,0,0,0,0,0,0,0,0,0,0,0,0,0,0,0,0,0.1,0,0,0,0,0,0,0,0,0,0,0,0,0,0,0
Brock Osweiler,DEN,0.2,0.6,0,0.1,0.2,0,0.8,1.9,0,0,0,0,0,0,0,0,0.1,0,0,0,0,0,0,0,0,0,0,0,0.1,0,0,0,0,0,0,0,0,0,0,QB,0.4,5000,true,8
Matt Flynn,GB,0.2,0.5,0,0.1,0.2,0,0.8,1.9,0,0,0,0,0,0,0,0,0,0,0,0,0,0,0,0,0,0,0,0,0.1,0,0,0,0,0,0,0,0,0,0,QB,-0.1,5000,true,20
Jason Campbell,CIN,0.1,0.4,0,0,0.1,0,0.5,1.3,0,0,0,0,0,0,0,0,0,0,0,0.1,0,0,0,0,0,0,0,0,0.1,0,0,0,0,0,0,0,0,0,0,QB,0.7,5000,true,21
Matt Barkley,PHI,0.2,0.5,0,0.1,0.2,0,0.7,1.7,0,0,0,0,0,0,0,0,0,0,0,0,0,0,0,0,0,0,0,0,0.1,0,0,0,0,0,0,0,0,0,0,QB,0.0,5000,true,1
Kellen Clemens,SD,0.2,0.6,0,0.1,0.2,0,0.6,2,0,0,0,0,0,0.1,0,0,0,0,0,0,0,0,0,0,0,0,0,0,0.1,0,0,0,0,0,0,0,0,0,0,QB,0.2,5000,true,17
Matt Simms,NYJ,0,0,0,0,0,0,0,0,0,0,0,0,0,0,0,0,0,0,0,0,0,0,0,0,0,0,0,0,0,0,0,0,0,0,0,0,0,0,0,QB,1.8,5000,0,9
Josh Johnson,SF,0,0,0,0,0,0,0,0,0,0,0,0,0,0,0,0,0,0,0,0,0,0,0,0,0,0,0,0,0,0,0,0,0,0,0,0,0,0,0,QB,0.0,5000,0,12
David Fales,CHI,0,0,0,0,0,0,0,0,0,0,0,0,0,0,0,0,0,0,0,0,0,0,0,0,0,0,0,0,0,0,0,0,0,0,0,0,0,0,0,0,0,0,0,0
Tyler Bray,KC,0,0,0,0,0,0,0,0,0,0,0,0,0,0,0,0,0,0,0,0,0,0,0,0,0,0,0,0,0,0,0,0,0,0,0,0,0,0,0,0,0,0,0,0
Joe Webb,CAR,0,0,0,0,0,0,0,0,0,0,0,0,0,0,0,0,0,0,0,0,0,0,0,0,0,0,0,0,0,0,0,0,0,0,0,0,0,0,0,QB,0.7,5000,0,26
Scott Tolzien,GB,0,0,0,0,0,0,0,0,0,0,0,0,0,0,0,0,0,0,0,0,0,0,0,0,0,0,0,0,0,0,0,0,0,0,0,0,0,0,0,QB,0.0,5000,true,20
Kirk Cousins,WAS,0,0,0,0,0,0,0,0,0,0,0,0,0,0,0,0,0,0,0,0,0,0,0,0,0,0,0,0,0,0,0,0,0,0,0,0,0,0,0,QB,17.6,5000,true,16
Chandler Harnish,MIN,0,0,0,0,0,0,0,0,0,0,0,0,0,0,0,0,0,0,0,0,0,0,0,0,0,0,0,0,0,0,0,0,0,0,0,0,0,0,0,0,0,0,0,0
Kellen Moore,DET,0,0,0,0,0,0,0,0,0,0,0,0,0,0,0,0,0,0,0,0,0,0,0,0,0,0,0,0,0,0,0,0,0,0,0,0,0,0,0,QB,0.0,5000,true,18
Landry Jones,PIT,0,0,0,0,0,0,0,0,0,0,0,0,0,0,0,0,0,0,0,0,0,0,0,0,0,0,0,0,0,0,0,0,0,0,0,0,0,0,0,QB,0.0,5000,0,6
Sean Renfree,ATL,0,0,0,0,0,0,0,0,0,0,0,0,0,0,0,0,0,0,0,0,0,0,0,0,0,0,0,0,0,0,0,0,0,0,0,0,0,0,0,QB,0.0,5000,0,14
Matt McGloin,OAK,0,0,0,0,0,0,0,0,0,0,0,0,0,0,0,0,0,0,0,0,0,0,0,0,0,0,0,0,0,0,0,0,0,0,0,0,0,0,0,QB,7.5,5000,true,3
Tyler Thigpen,CLE,0,0,0,0,0,0,0,0,0,0,0,0,0,0,0,0,0,0,0,0,0,0,0,0,0,0,0,0,0,0,0,0,0,0,0,0,0,0,0,0,0,0,0,0
Jordan Palmer,CHI,0,0,0,0,0,0,0,0,0,0,0,0,0,0,0,0,0,0,0,0,0,0,0,0,0,0,0,0,0,0,0,0,0,0,0,0,0,0,0,0,0,0,0,0
Trent Edwards,OAK,0,0,0,0,0,0,0,0,0,0,0,0,0,0,0,0,0,0,0,0,0,0,0,0,0,0,0,0,0,0,0,0,0,0,0,0,0,0,0,0,0,0,0,0
Kevin Kolb,FA,0,0,0,0,0,0,0,0,0,0,0,0,0,0,0,0,0,0,0,0,0,0,0,0,0,0,0,0,0,0,0,0,0,0,0,0,0,0,0,0,0,0,0,0
Brady Quinn,FA,0,0,0,0,0,0,0,0,0,0,0,0,0,0,0,0,0,0,0,0,0,0,0,0,0,0,0,0,0,0,0,0,0,0,0,0,0,0,0,0,0,0,0,0
Charlie Whitehurst,TEN,0,0,0,0,0,0,0,0,0,0,0,0,0,0,0,0,0,0,0,0,0,0,0,0,0,0,0,0,0,0,0,0,0,0,0,0,0,0,0,QB,13.4,5000,true,28
Vince Young,FA,0,0,0,0,0,0,0,0,0,0,0,0,0,0,0,0,0,0,0,0,0,0,0,0,0,0,0,0,0,0,0,0,0,0,0,0,0,0,0,0,0,0,0,0
Seneca Wallace,FA,0,0,0,0,0,0,0,0,0,0,0,0,0,0,0,0,0,0,0,0,0,0,0,0,0,0,0,0,0,0,0,0,0,0,0,0,0,0,0,0,0,0,0,0
Rex Grossman,CLE,0,0,0,0,0,0,0,0,0,0,0,0,0,0,0,0,0,0,0,0,0,0,0,0,0,0,0,0,0,0,0,0,0,0,0,0,0,0,0,0,0,0,0,0
David Garrard,NYJ,0,0,0,0,0,0,0,0,0,0,0,0,0,0,0,0,0,0,0,0,0,0,0,0,0,0,0,0,0,0,0,0,0,0,0,0,0,0,0,0,0,0,0,0
Jon Kitna,DAL,0,0,0,0,0,0,0,0,0,0,0,0,0,0,0,0,0,0,0,0,0,0,0,0,0,0,0,0,0,0,0,0,0,0,0,0,0,0,0,0,0,0,0,0
Matt Blanchard,CAR,0,0,0,0,0,0,0,0,0,0,0,0,0,0,0,0,0,0,0,0,0,0,0,0,0,0,0,0,0,0,0,0,0,0,0,0,0,0,0,0,0,0,0,0
Aaron Murray,KC,0,0,0,0,0,0,0,0,0,0,0,0,0,0,0,0,0,0,0,0,0,0,0,0,0,0,0,0,0,0,0,0,0,0,0,0,0,0,0,QB,0.0,5000,0,11
AJ McCarron,CIN,0,0,0,0,0,0,0,0,0,0,0,0,0,0,0,0,0,0,0,0,0,0,0,0,0,0,0,0,0,0,0,0,0,0,0,0,0,0,0,0,0,0,0,0
DeMarco Murray,DAL,0,0,0,0,0,0,0,0,0,0,0,0,0,0,0,23.1,24,21,108.5,117.5,98,0.9,1,0.8,0.1,0.4,0,19.4,21.1,18.1,3.6,5,2,29.1,38,20,0.1,0.2,0,0,0,0,0,0
Le'Veon Bell,PIT,0,0,0,0,0,0,0,0,0,0,0,0,0,0,0,20.6,26,17,91.5,120,68,0.6,1,0,0,0,0,18.3,23.9,15.6,5.6,6,5,41.2,59,28,0.2,1,0,RB,23.0,9400,0,27
Arian Foster,HOU,0,0,0,0,0,0,0,0,0,0,0,0,0,0,0,21.7,25.1,18,97.2,122.1,78.2,0.8,1,0.4,0.1,0.3,0,17.8,21.1,15.1,3.5,4.5,3,32.1,46,24,0.1,0.2,0,RB,25.4,9300,0,30
Matt Forte,CHI,0,0,0,0,0,0,0,0,0,0,0,0,0,0,0,17.2,18,16,78,88,70,0.9,1,0.6,0,0.1,0,17.6,18.5,17,5.5,7,4,43,55,28,0.1,0.2,0,0,0,0,0,0
Eddie Lacy,GB,0,0,0,0,0,0,0,0,0,0,0,0,0,0,0,18.8,21,13.8,84.4,107,63.1,0.9,1,0.6,0.1,0.2,0,16.5,19.2,14,3,4,2,24.6,33.1,13,0,0.1,0,RB,17.1,7800,true,31
Jamaal Charles,KC,0,0,0,0,0,0,0,0,0,0,0,0,0,0,0,17.3,19,16,80.2,91,71,0.7,1,0,0.1,0.4,0,16,17.9,14.5,4,6,3,29,35.1,19,0.2,1,0,RB,18.6,8500,0,2
Marshawn Lynch,SEA,0,0,0,0,0,0,0,0,0,0,0,0,0,0,0,18.6,22,14.6,79.8,104,67.3,0.7,1,0,0.1,0.2,0,15.6,19.4,12,2.7,3.5,2,24.1,32,17,0.2,1,0,RB,19.8,7700,0,20
C.J. Anderson,DEN,0,0,0,0,0,0,0,0,0,0,0,0,0,0,0,18,25,9.9,77.6,97.3,36.9,0.6,1,0,0.1,0.2,0,15.4,18,9.9,3.4,5,2,29.1,39,20,0.2,1,0,RB,11.2,7600,true,1
Mark Ingram,NO,0,0,0,0,0,0,0,0,0,0,0,0,0,0,0,18.8,23,15,84.7,108,68.3,0.9,1,0.7,0,0.1,0,14.9,17.2,12.7,1.5,2.3,0.8,10.4,18.6,4,0,0.1,0,RB,17.5,6500,true,23
Justin Forsett,BAL,0,0,0,0,0,0,0,0,0,0,0,0,0,0,0,18.5,22,14.2,86.4,113,69.5,0.6,1,0,0,0.1,0,14.5,17.6,12.4,2.9,3.3,2.5,19.2,31,9,0,0.1,0,RB,17.9,6900,0,16
LeSean McCoy,PHI,0,0,0,0,0,0,0,0,0,0,0,0,0,0,0,17.6,18.9,15,69.4,83.4,48,0.7,1,0,0.1,0.2,0,12.8,14.5,11.1,1.8,3,1,11.3,14.4,6,0.2,1,0,RB,14.2,6400,true,12
Tre Mason,STL,0,0,0,0,0,0,0,0,0,0,0,0,0,0,0,16.4,19,11.9,69.3,98,44,0.6,1,0,0.1,0.2,0,12.6,14.8,9.3,2.2,2.9,1,18,27.4,10,0.1,0.2,0,RB,13.7,6700,0,4
Joique Bell,DET,0,0,0,0,0,0,0,0,0,0,0,0,0,0,0,15.2,18,8.4,59.6,75,30,0.8,1,0.2,0.1,0.3,0,12.3,15.2,7.6,2,3,1,16.6,28.5,8,0,0.1,0,RB,12.0,5500,true,22
Frank Gore,SF,0,0,0,0,0,0,0,0,0,0,0,0,0,0,0,16.5,18,14.3,66,71,53.4,0.8,1,0.3,0.1,0.2,0,12.1,14,9.6,1.1,2,1,9.7,18.7,5,0,0.1,0,RB,9.4,4800,0,32
Alfred Morris,WAS,0,0,0,0,0,0,0,0,0,0,0,0,0,0,0,18.4,20.8,14.3,77.4,86,52.2,0.5,1,0,0.1,0.3,0,12.1,15.4,9,1.7,2.8,1,13.1,19,9,0,0.1,0,RB,13.4,5500,true,11
Giovani Bernard,CIN,0,0,0,0,0,0,0,0,0,0,0,0,0,0,0,12.8,15,10.9,55.3,77,44.4,0.4,1,0,0,0,0,11.1,14,9.2,2.8,3.8,2,26.6,40,20,0,0.1,0,RB,14.7,5300,true,13
Isaiah Crowell,CLE,0,0,0,0,0,0,0,0,0,0,0,0,0,0,0,15.8,18,12.8,63,70.6,53.4,0.7,1,0,0.1,0.3,0,11,13.9,7,1.2,1.6,1,9.7,17.4,4,0,0,0,RB,8.3,5000,true,25
Daniel Herron,IND,0,0,0,0,0,0,0,0,0,0,0,0,0,0,0,11.3,15,7,52.3,67,31.4,0.6,1,0,0.1,0.4,0,10.9,14.5,6.8,3.1,5,1,22,53,5,0,0.2,0,RB,3.4,5400,0,9
Lamar Miller,MIA,0,0,0,0,0,0,0,0,0,0,0,0,0,0,0,16,19,14,65,75,54.6,0.3,1,0,0.1,0.2,0,10.6,14.2,9.2,2.9,3.7,1.7,20.5,27.2,12,0,0.1,0,RB,13.3,4500,true,3
Jeremy Hill,CIN,0,0,0,0,0,0,0,0,0,0,0,0,0,0,0,13.9,18,11,61.1,78,45,0.5,1,0,0.1,0.2,0,10.4,14.1,5.5,1.8,2.3,1,11.8,18.3,3,0,0.1,0,RB,12.4,5400,true,13
Ryan Mathews,SD,0,0,0,0,0,0,0,0,0,0,0,0,0,0,0,15.4,17,12.7,60.4,71.3,48,0.5,1,0,0.1,0.3,0,10.3,12.7,6.9,1.8,2.2,1,12.9,17.7,9,0,0.1,0,RB,12.8,4700,true,21
LeGarrette Blount,NE,0,0,0,0,0,0,0,0,0,0,0,0,0,0,0,13.3,16,8,57.5,80,31.2,0.7,1,0,0.1,0.3,0,10.2,11.8,7.5,0.6,2.4,0,4.3,18.9,0,0,0.1,0,RB,5.8,4200,0,15
Andre Williams,NYG,0,0,0,0,0,0,0,0,0,0,0,0,0,0,0,13.1,21.1,7,48.6,87.8,19,0.7,1,0,0.1,0.2,0,9.7,14.4,3.8,1.1,2.1,0,8.9,16.2,0,0,0.1,0,RB,7.4,4400,0,29
Steven Jackson,ATL,0,0,0,0,0,0,0,0,0,0,0,0,0,0,0,13.7,16,11.4,58,68,51,0.5,1,0,0,0,0,9.6,13.4,7.2,1.8,3,1,10.8,14,6,0,0,0,RB,9.9,3900,0,14
Jonathan Stewart,CAR,0,0,0,0,0,0,0,0,0,0,0,0,0,0,0,14.2,17,9.6,62.1,92,40.3,0.3,1,0,0,0.1,0,9.4,12.7,7.2,2.3,3,1.9,16.1,21,10,0,0,0,RB,9.7,3800,0,28
Rashad Jennings,NYG,0,0,0,0,0,0,0,0,0,0,0,0,0,0,0,11.1,23,0,45.1,94,0,0.5,1,0,0,0,0,9.4,16.7,2.7,2.9,5,1,14.9,26,5,0,0.1,0,RB,16.3,7100,0,29
Fred Jackson,BUF,0,0,0,0,0,0,0,0,0,0,0,0,0,0,0,13.1,17,11.3,48.4,67,37,0.1,0.4,0,0.1,0.2,0,9.4,12.6,8,3.9,5,3,28.8,35,19,0.2,1,0,RB,13.2,5300,0,7
Bishop Sankey,TEN,0,0,0,0,0,0,0,0,0,0,0,0,0,0,0,13.6,17,10,57.2,72,28,0.3,1,0,0.1,0.2,0,8.9,10.7,7.5,1.6,2.5,1,12.5,23.9,4,0,0.1,0,RB,6.9,4000,true,24
Christopher Ivory,NYJ,0,0,0,0,0,0,0,0,0,0,0,0,0,0,0,12.1,15,9.2,55.6,71,41.8,0.4,1,0,0,0.1,0,8.6,11.7,6.4,0.9,1.8,0,5.4,13.9,0,0,0,0,0,0,0,0,0
Denard Robinson,JAC,0,0,0,0,0,0,0,0,0,0,0,0,0,0,0,14.8,17,12.9,61.5,85,46.7,0.1,0.4,0,0.1,0.2,0,8.6,9.7,7.3,2.3,3,1,16.7,31,10,0,0,0,0,0,0,0,0
Matt Asiata,MIN,0,0,0,0,0,0,0,0,0,0,0,0,0,0,0,11.8,16,4,40.4,61,13,0.3,1,0,0.1,0.2,0,7.4,10.5,2.5,2.4,3.4,2,15.8,26.9,7,0,0.1,0,RB,11.5,4100,true,6
Shane Vereen,NE,0,0,0,0,0,0,0,0,0,0,0,0,0,0,0,5.4,7,4,23.1,30,17,0.1,0.3,0,0,0,0,7,9,5.1,4.2,5,3.9,35.8,44,30,0.1,0.2,0,RB,11.7,4600,0,15
Chris Johnson,NYJ,0,0,0,0,0,0,0,0,0,0,0,0,0,0,0,9.8,11.5,7.7,44.4,57.6,33.1,0.1,0.3,0,0,0.1,0,6.7,7.8,5.9,2.2,3,1.6,17.1,22,13.3,0,0,0,RB,8.2,3400,0,26
Latavius Murray,OAK,0,0,0,0,0,0,0,0,0,0,0,0,0,0,0,10.7,15,4.2,49.3,83,27.1,0.1,0.3,0,0.1,0.2,0,6.7,8.9,3.7,1.6,2.4,1,11.8,21,6,0,0.1,0,RB,3.7,3800,true,8
Trent Richardson,IND,0,0,0,0,0,0,0,0,0,0,0,0,0,0,0,10,13,7,34.7,43,24,0.4,1,0,0.4,1,0,6.3,9.6,4.5,1.3,2,0.7,10.9,20,5,0,0.1,0,RB,9.4,3800,0,9
Marion Grice,ARI,0,0,0,0,0,0,0,0,0,0,0,0,0,0,0,8.9,12.9,4,38.1,55.2,20,0.1,0.4,0,0.1,0.2,0,6.2,8.5,3.5,2.7,5,1,18.3,37.1,6,0,0.1,0,RB,2.4,4100,true,10
Stepfan Taylor,ARI,0,0,0,0,0,0,0,0,0,0,0,0,0,0,0,9.8,14,4.6,38.4,56,20.6,0.2,1,0,0,0.1,0,6.1,10.2,3.2,1.5,3,1,11.1,22,5,0,0,0,RB,4.7,3300,true,10
Reggie Bush,DET,0,0,0,0,0,0,0,0,0,0,0,0,0,0,0,7.3,12.7,5,28.4,48,18,0.1,0.3,0,0,0.1,0,5.9,9.1,3.4,3.1,3.7,2.9,23.6,31,16,0,0.1,0,RB,9.7,4400,true,22
Carlos Hyde,SF,0,0,0,0,0,0,0,0,0,0,0,0,0,0,0,7.2,10,3,25.9,31,9,0.4,1,0,0,0.1,0,5.5,8.9,3,0.5,1,0,4.3,14,0,0,0,0,RB,5.6,3900,0,32
Doug Martin,TB,0,0,0,0,0,0,0,0,0,0,0,0,0,0,0,11.9,16,10,38.3,51,24,0.1,0.3,0,0,0,0,5.1,7.7,3,1.3,2.1,1,8,16.2,2,0,0,0,RB,7.7,4000,0,5
Pierre Thomas,NO,0,0,0,0,0,0,0,0,0,0,0,0,0,0,0,4.2,5,3,16.6,21,10.8,0.1,0.2,0,0,0,0,5.1,6,4,3.4,4,2.5,27.4,31.5,21.3,0.1,0.2,0,RB,11.9,4000,true,23
Darren Sproles,PHI,0,0,0,0,0,0,0,0,0,0,0,0,0,0,0,3.1,4,2.4,16.3,21,11.5,0,0.1,0,0,0.1,0,4.8,5.8,3.9,3.3,5,2,27.6,32,20,0,0.2,0,RB,12.2,4200,true,12
Terrance West,CLE,0,0,0,0,0,0,0,0,0,0,0,0,0,0,0,6.4,9.3,1.6,25,39.1,6.7,0.3,1,0,0,0.1,0,4.5,8.8,1.3,0.7,1,0,4.9,10,0,0,0,0,RB,8.2,3800,true,25
Roy Helu,WAS,0,0,0,0,0,0,0,0,0,0,0,0,0,0,0,2.7,4,1.5,11.4,20,6,0,0.1,0,0,0.1,0,4.2,5.3,3.6,3.4,6,1.9,28.1,42,15.5,0,0.1,0,0,0,0,0,0
Charles Sims,TB,0,0,0,0,0,0,0,0,0,0,0,0,0,0,0,4.8,7,3,15.7,25,10,0,0.2,0,0,0.1,0,4,5.2,2.7,2.6,4,1,21.1,38,10,0,0.1,0,RB,6.8,3300,0,5
Darren McFadden,OAK,0,0,0,0,0,0,0,0,0,0,0,0,0,0,0,6.5,11.7,3.7,23.3,38.5,14.7,0,0.1,0,0,0.1,0,3.7,6.9,2.7,1.8,3.3,1,11.2,20,8.5,0,0,0,RB,9.1,3200,true,8
Alfred Blue,HOU,0,0,0,0,0,0,0,0,0,0,0,0,0,0,0,6.5,8,3,27.4,41,15,0.1,0.2,0,0,0.1,0,3.7,5.2,2,0.9,1.4,0,6.5,12.7,0,0,0,0,RB,5.8,3600,0,30
Branden Oliver,SD,0,0,0,0,0,0,0,0,0,0,0,0,0,0,0,5.3,7.5,3,20.1,27.7,16,0.1,0.2,0,0,0,0,3.7,5.3,2.2,1.8,2,1,12.3,15,6,0,0.1,0,RB,11.4,3000,true,21
Devonta Freeman,ATL,0,0,0,0,0,0,0,0,0,0,0,0,0,0,0,5.1,6,3.2,21.1,28,12.2,0,0.2,0,0,0.1,0,3.5,4.3,3,1.4,2.1,0.9,11.9,15.9,7.2,0,0.1,0,RB,5.0,3000,0,14
Benny Cunningham,STL,0,0,0,0,0,0,0,0,0,0,0,0,0,0,0,2.9,4,1,12.7,22,3,0,0.1,0,0,0,0,3.4,4.6,1.5,1.9,2.1,1,16.4,24,10,0,0.1,0,RB,8.0,3000,0,4
Dexter McCluster,TEN,0,0,0,0,0,0,0,0,0,0,0,0,0,0,0,4.8,6,3.5,21.5,28,15,0.1,0.1,0,0,0,0,4.8,5.2,4.4,2.4,3,1.7,20.5,24,17,0.1,0.1,0,RB,4.7,3000,true,24
Anthony Dixon,BUF,0,0,0,0,0,0,0,0,0,0,0,0,0,0,0,6,9,4.9,21.6,38,14,0,0.2,0,0,0,0,3.1,4.5,2,0.9,1.4,0.3,6.1,10.6,2,0,0,0,RB,4.3,3000,0,7
Shonn Greene,TEN,0,0,0,0,0,0,0,0,0,0,0,0,0,0,0,4.2,5.5,3,16.5,23,7,0.2,1,0,0,0.1,0,3,8.3,0.7,0.2,0.8,0,0.8,3.9,0,0,0,0,RB,3.3,3000,true,24
Orleans Darkwa,NYG,0,0,0,0,0,0,0,0,0,0,0,0,0,0,0,2.7,5.1,0.3,11,21,1,0.1,0.2,0,0.1,0.1,0.1,3,5.4,0.9,1.3,2.3,0.4,11.9,18.6,5.1,0.1,0.1,0,RB,0.9,3000,0,29
Chris Ogbonnaya,NYG,0,0,0,0,0,0,0,0,0,0,0,0,0,0,0,4,6.5,1.5,16.1,26,6.2,0.1,0.2,0.1,0,0,0,3,4.3,1.7,0.7,0.8,0.7,5.6,6.2,5,0,0,0,0,0,0,0,0
James Starks,GB,0,0,0,0,0,0,0,0,0,0,0,0,0,0,0,4.1,6,2.2,16.9,28,7.1,0,0.2,0,0,0.1,0,2.9,4.7,1.7,1.1,1.5,0.8,8.6,17,4,0,0.1,0,RB,3.9,3000,true,31
Toby Gerhart,JAC,0,0,0,0,0,0,0,0,0,0,0,0,0,0,0,5.2,6,4,16.8,23.9,13,0,0.2,0,0,0.1,0,2.8,4.5,1.9,1.2,2,1,9.4,15,5,0,0,0,0,0,0,0,0
Ben Tate,MIN,0,0,0,0,0,0,0,0,0,0,0,0,0,0,0,5.5,7.7,3,19,24.3,13,0.1,0.2,0,0,0.1,0,2.7,4.7,1.3,0.4,1.2,0,3,9.6,0,0,0,0,RB,8.5,3500,true,6
Mike Tolbert,CAR,0,0,0,0,0,0,0,0,0,0,0,0,0,0,0,3.2,5,0.3,12.8,18,0.3,0.1,0.2,0,0,0.1,0,2.6,5.2,0.1,1.3,2.4,0.2,9.5,21,0.5,0,0.1,0,RB,4.4,3000,0,28
Marcel Reece,OAK,0,0,0,0,0,0,0,0,0,0,0,0,0,0,0,1.5,3,0,5.8,13,0,0,0,0,0,0.1,0,2.6,3.9,0.8,2.2,4,0.7,18.3,31,5.1,0,0.1,0,RB,4.2,3000,true,8
Bernard Pierce,BAL,0,0,0,0,0,0,0,0,0,0,0,0,0,0,0,5.5,7,4,19.8,25,11,0.1,0.2,0,0,0.1,0,2.5,4.2,1.5,0.5,1,0,2.9,7.6,0,0,0,0,RB,4.6,3000,0,16
Juwan Thompson,DEN,0,0,0,0,0,0,0,0,0,0,0,0,0,0,0,4.5,5.1,2,18.4,24,9,0.1,0.3,0,0,0.1,0,2.5,4,1.5,0.4,1.6,0,2,7.9,0,0,0.1,0,RB,3.5,3000,true,1
Robert Turbin,SEA,0,0,0,0,0,0,0,0,0,0,0,0,0,0,0,3.3,5,1.5,12.8,20,5.5,0,0.1,0,0,0.1,0,2.5,3.1,2,1.1,1.2,1,9.8,17,2,0,0.1,0,RB,4.9,3000,0,20
De'Anthony Thomas,KC,0,0,0,0,0,0,0,0,0,0,0,0,0,0,0,1.3,2,1,8.4,10,6,0,0.1,0,0,0,0,2.4,4.2,1.8,1.7,2,1,11.5,15.4,8,0.1,0.2,0,RB,4.2,3000,0,2
Daniel Thomas,MIA,0,0,0,0,0,0,0,0,0,0,0,0,0,0,0,4,5,2.4,14.8,19,9.8,0,0.1,0,0,0.1,0,2.4,3.2,1.7,0.7,1.7,0,6.2,14,0,0,0.1,0,RB,4.8,3000,true,3
Jacquizz Rodgers,ATL,0,0,0,0,0,0,0,0,0,0,0,0,0,0,0,2.2,3,0,8.6,13,0,0,0.1,0,0,0.1,0,2.3,4.1,0,1.9,3.1,0,12.2,23,0,0,0.1,0,RB,5.0,3000,0,14
Knile Davis,KC,0,0,0,0,0,0,0,0,0,0,0,0,0,0,0,4.3,7.1,2,15.7,28,4,0.1,0.2,0,0,0.1,0,2.2,4.6,0.4,0.5,1.9,0,3.6,15.3,0,0,0,0,RB,8.3,3000,0,2
Lance Dunbar,DAL,0,0,0,0,0,0,0,0,0,0,0,0,0,0,0,1.5,2.5,0,5.8,12,0,0,0.1,0,0,0,0,2.1,3.5,1,1.2,2,1,11.7,14,9.3,0,0.1,0,0,0,0,0,0
Bryce Brown,BUF,0,0,0,0,0,0,0,0,0,0,0,0,0,0,0,3,5,1.2,9.9,15,3.6,0,0,0,0,0.1,0,2.1,3.4,0.8,1.3,2,0.4,10.5,19,3.8,0,0,0,RB,6.7,3000,0,7
Jonas Gray,NE,0,0,0,0,0,0,0,0,0,0,0,0,0,0,0,3.4,5,2,16.5,24,10,0.1,0.2,0,0,0,0,2.1,2.7,1,0.1,0.2,0,0.3,1.2,0,0,0,0,RB,12.1,3500,0,15
Khiry Robinson,NO,0,0,0,0,0,0,0,0,0,0,0,0,0,0,0,2.8,6,0,12.2,29,0,0,0.1,0,0,0.1,0,2,3.8,0,0.6,1.3,0,4.5,9,0,0,0,0,RB,8.1,3000,true,23
MarQueis Gray,BUF,0,0,0,0,0,0,0,0,0,0,0,0,0,0,0,0,0,0,0,0,0,0,0,0,0,0,0,1.8,3.1,0.9,1.5,2,0.2,15.8,31,2.6,0,0.1,0,TE,1.3,3000,0,28
Bobby Rainey,TB,0,0,0,0,0,0,0,0,0,0,0,0,0,0,0,1.6,2,1,5.9,10,3,0,0,0,0,0,0,1.9,3.7,1.2,1.4,3,0.8,12.7,31,4,0,0,0,RB,9.8,3000,0,5
Glenn Winston,CLE,0,0,0,0,0,0,0,0,0,0,0,0,0,0,0,3.2,7,0,14,30,0,0.1,0.2,0,0,0,0,1.9,4.6,0,0.2,0.6,0,1,4,0,0,0,0,RB,0.0,3000,true,25
Chris Polk,PHI,0,0,0,0,0,0,0,0,0,0,0,0,0,0,0,3,5.5,0,12.4,23,0,0.1,0.2,0,0,0.1,0,1.8,3.7,0,0.2,0.5,0,2.1,5,0,0,0,0,RB,2.8,3000,true,12
Joe Banyard,MIN,0,0,0,0,0,0,0,0,0,0,0,0,0,0,0,2.8,7,1.4,11.9,29,4.8,0,0.1,0,0,0,0,1.8,3.3,1,0.7,1,0,4.2,6.3,0,0,0.1,0,RB,1.0,3000,true,6
Joseph Randle,DAL,0,0,0,0,0,0,0,0,0,0,0,0,0,0,0,2.9,4,2,13.7,21,8,0,0.1,0,0,0,0,1.7,2.5,1.2,0.1,0.7,0,0.8,3.4,0,0,0,0,0,0,0,0,0
Ka'Deem Carey,CHI,0,0,0,0,0,0,0,0,0,0,0,0,0,0,0,2.6,4.3,1,10.4,16.3,4,0.1,0.2,0,0,0,0,1.7,3.4,0.4,0.5,2,0,3.1,10,0,0,0,0,0,0,0,0,0
Theo Riddick,DET,0,0,0,0,0,0,0,0,0,0,0,0,0,0,0,1,2,0,3.1,7,0,0,0,0,0,0,0,1.7,3.1,0,1.5,3,0,12.9,27,0,0,0.1,0,RB,7.7,4300,true,22
Dri Archer,PIT,0,0,0,0,0,0,0,0,0,0,0,0,0,0,0,2.1,3.5,1,8.8,15.6,1,0,0.1,0,0,0.1,0,1.4,2.5,0.1,0.6,1,0,3.6,8,0,0,0,0,WR,1.0,3000,0,2
Damien Williams,MIA,0,0,0,0,0,0,0,0,0,0,0,0,0,0,0,1.7,4,0.7,6.1,13,1.6,0,0,0,0,0,0,1.4,3.2,0.6,0.8,2,0,7.1,21,0,0,0,0,RB,2.5,3000,true,3
Jordan Todman,JAC,0,0,0,0,0,0,0,0,0,0,0,0,0,0,0,0.9,1.5,0,3.3,6,0,0,0,0,0,0,0,1.4,2,0.5,1.4,2,0.5,10,16,2.6,0,0,0,0,0,0,0,0
Fozzy Whittaker,CAR,0,0,0,0,0,0,0,0,0,0,0,0,0,0,0,2.2,5,0,8.6,20,0,0,0.1,0,0,0,0,1.4,3.2,0,0.3,1,0,2.9,10,0,0,0,0,RB,3.6,3000,0,28
Jonathan Grimes,HOU,0,0,0,0,0,0,0,0,0,0,0,0,0,0,0,1.7,4,0,6.7,17,0,0,0,0,0,0,0,1.3,2.8,0,0.5,1,0,6.1,16,0,0,0,0,RB,1.7,3000,0,30
Robert Hughes,ARI,0,0,0,0,0,0,0,0,0,0,0,0,0,0,0,1,2,0.3,3.5,8,0.9,0,0,0,0,0,0,1.3,1.8,0.3,1.2,2,0.2,9.2,16,1.6,0,0,0,RB,1.3,3000,true,10
Zac Stacy,STL,0,0,0,0,0,0,0,0,0,0,0,0,0,0,0,2,4,0.3,8.2,15,1.1,0,0.1,0,0,0,0,1.2,2.7,0.5,0.2,1,0,2.9,12,0,0,0,0,RB,6.1,3000,0,4
Brandon Bolden,NE,0,0,0,0,0,0,0,0,0,0,0,0,0,0,0,2.5,5,0.5,9.8,19,1.8,0,0.1,0,0,0,0,1.2,2,0.3,0.1,0.3,0,0.2,0.8,0,0,0,0,RB,1.1,3100,0,15
Bilal Powell,NYJ,0,0,0,0,0,0,0,0,0,0,0,0,0,0,0,1.6,3,0,7.1,14,0,0,0.1,0,0,0,0,1.2,2.4,0,0.4,1,0,3.7,10,0,0,0.1,0,RB,2.8,3000,0,26
Kyle Juszczyk,BAL,0,0,0,0,0,0,0,0,0,0,0,0,0,0,0,0,0.2,0,0.2,0.8,0,0,0,0,0,0,0,1.1,1.6,0.5,1.2,2,0.4,10.3,16,3.7,0,0.1,0,RB,3.2,3000,0,16
Michael Bush,ARI,0,0,0,0,0,0,0,0,0,0,0,0,0,0,0,1.3,2.8,0,5.6,12.5,0,0,0,0,0,0,0,1,2.3,0,0.4,1.1,0,3.1,9.1,0,0,0,0,RB,0.0,3000,true,10
Donald Brown,SD,0,0,0,0,0,0,0,0,0,0,0,0,0,0,0,0.8,1.5,0,2.4,6,0,0,0,0,0,0,0,1,1.9,0,0.8,1.8,0,7,14.4,0,0,0,0,RB,5.0,3000,true,21
Maurice Jones-Drew,OAK,0,0,0,0,0,0,0,0,0,0,0,0,0,0,0,2.2,4,0.2,5.7,15,0.6,0,0,0,0,0,0,1,2.2,0.1,0.6,1,0,4.3,8,0,0,0,0,RB,2.7,3000,true,8
Travaris Cadet,NO,0,0,0,0,0,0,0,0,0,0,0,0,0,0,0,0.3,1,0,1.3,6,0,0,0,0,0,0,0,1,1.9,0,1.2,3,0,8.2,18,0,0,0,0,RB,5.7,3000,true,23
Bruce Miller,SF,0,0,0,0,0,0,0,0,0,0,0,0,0,0,0,0.1,0.3,0,0.2,0.9,0,0,0,0,0,0,0,0.9,1.9,0,0.9,2,0,7.9,19,0,0,0.1,0,RB,1.4,3000,0,32
James Casey,PHI,0,0,0,0,0,0,0,0,0,0,0,0,0,0,0,0,0,0,0,0,0,0,0,0,0,0,0,0.1,0.2,0,0,0.1,0,0.4,1.2,0,0,0,0,TE,1.7,3000,true,18
Jeremy Stewart,DEN,0,0,0,0,0,0,0,0,0,0,0,0,0,0,0,1.3,1.3,1.3,3.9,3.9,3.9,0,0,0,0,0,0,0.8,0.8,0.8,0.4,0.4,0.4,2.4,2.4,2.4,0,0,0,RB,0.0,3000,true,1
Christine Michael,SEA,0,0,0,0,0,0,0,0,0,0,0,0,0,0,0,1.3,2.1,0,5.8,10,0,0,0.1,0,0,0,0,0.7,1.3,0,0.1,0.4,0,0.7,3.3,0,0,0.1,0,RB,2.2,3000,0,20
Lorenzo Taliaferro,BAL,0,0,0,0,0,0,0,0,0,0,0,0,0,0,0,1,2,0,3.8,8,0,0,0.1,0,0,0,0,0.7,1.4,0,0.1,0.6,0,1.1,4.6,0,0,0,0,RB,5.4,3000,0,16
Antonio Andrews,TEN,0,0,0,0,0,0,0,0,0,0,0,0,0,0,0,0.7,0.7,0.7,2.6,2.6,2.6,0,0,0,0,0,0,0.7,0.7,0.7,0.3,0.3,0.3,2.6,2.6,2.6,0,0,0,RB,0.0,3000,true,24
Montee Ball,DEN,0,0,0,0,0,0,0,0,0,0,0,0,0,0,0,1.3,4,0,4.3,13,0,0,0,0,0,0,0,0.7,2,0,0.3,1,0,2.3,7,0,0,0,0,RB,7.5,3500,true,1
DuJuan Harris,GB,0,0,0,0,0,0,0,0,0,0,0,0,0,0,0,0.5,2,0,2.4,9,0,0,0.1,0,0,0,0,0.6,2.5,0,0.1,0.5,0,1.1,4,0,0,0.1,0,RB,0.7,3000,true,31
Alfonso Smith,SF,0,0,0,0,0,0,0,0,0,0,0,0,0,0,0,0.5,0.5,0.5,2.5,2.5,2.5,0,0,0,0,0,0,0.6,0.6,0.6,0.3,0.3,0.3,2.2,2.2,2.2,0,0,0,RB,0.0,3000,0,32
George Atkinson,OAK,0,0,0,0,0,0,0,0,0,0,0,0,0,0,0,0.5,0.5,0.5,1.8,1.8,1.8,0,0,0,0,0,0,0.5,0.5,0.5,0.3,0.3,0.3,2.2,2.2,2.2,0,0,0,0,0,0,0,0
Darrel Young,WAS,0,0,0,0,0,0,0,0,0,0,0,0,0,0,0,0.5,1.1,0,2.1,5,0,0,0,0,0,0,0,0.5,0.9,0,0.3,0.5,0,2.4,4.2,0,0,0,0,RB,2.9,3000,true,11
John Kuhn,GB,0,0,0,0,0,0,0,0,0,0,0,0,0,0,0,0.5,1.4,0,2,7.4,0,0,0,0,0,0,0,0.5,1.6,0,0.4,1,0,2,5.7,0,0,0,0,RB,1.3,3000,true,31
Cedric Peerman,CIN,0,0,0,0,0,0,0,0,0,0,0,0,0,0,0,0.5,1,0,2.7,7,0,0,0,0,0,0,0,0.5,0.8,0,0.2,0.5,0,1.4,4.3,0,0,0,0,RB,0.8,3000,true,13
Rex Burkhead,CIN,0,0,0,0,0,0,0,0,0,0,0,0,0,0,0,0.4,1,0,0.1,0.3,0,0,0,0,0,0,0,0.5,1.2,0,0.4,1,0,4.7,12,0,0,0,0,RB,2.6,3000,true,13
Patrick DiMarco,ATL,0,0,0,0,0,0,0,0,0,0,0,0,0,0,0,0,0.1,0,0,0.1,0,0,0,0,0,0,0,0.5,1,0,0.6,1,0,3.9,7.4,0,0,0,0,RB,1.5,3000,0,14
Trey Watts,STL,0,0,0,0,0,0,0,0,0,0,0,0,0,0,0,0.3,0.9,0,1.2,3.6,0,0,0,0,0,0,0,0.5,1.4,0,0.2,0.7,0,2.4,7.2,0,0,0,0,RB,0.8,3000,0,4
John Conner,NYJ,0,0,0,0,0,0,0,0,0,0,0,0,0,0,0,0.5,0.6,0.5,2.7,3,2.5,0,0,0,0,0,0,0.5,0.5,0.4,0.1,0.1,0.1,0.5,0.8,0.2,0,0,0,RB,0.2,3000,0,26
Erik Lorig,NO,0,0,0,0,0,0,0,0,0,0,0,0,0,0,0,0.2,0.3,0,0.3,0.8,0,0,0,0,0,0,0,0.4,1.3,0,0.8,2,0,2.9,8,0,0,0.1,0,RB,2.5,3000,true,23
Jed Collins,DET,0,0,0,0,0,0,0,0,0,0,0,0,0,0,0,0.6,1,0,1.5,3.5,0,0,0,0,0,0,0,0.4,1.2,0,0.1,0.5,0,1.3,5.1,0,0,0,0,RB,1.2,3000,true,22
Ryan Hewitt,CIN,0,0,0,0,0,0,0,0,0,0,0,0,0,0,0,0,0,0,0,0,0,0,0,0,0,0,0,0,0,0,0,0,0,0,0,0,0,0,0,TE,0.5,3000,true,23
Leon Washington,TEN,0,0,0,0,0,0,0,0,0,0,0,0,0,0,0,0.1,0.4,0,0.4,1.4,0,0,0,0,0,0,0,0.4,0.7,0,0.4,1,0,2.7,7,0,0,0,0,RB,2.5,3000,true,24
Cory Harkey,STL,0,0,0,0,0,0,0,0,0,0,0,0,0,0,0,0,0,0,0,0,0,0,0,0,0,0,0,0.2,0.4,0,0.5,1,0,2.2,4,0,0,0,0,TE,1.3,3000,0,26
Henry Hynoski,NYG,0,0,0,0,0,0,0,0,0,0,0,0,0,0,0,0.5,1,0,2,3.3,0,0,0.1,0,0,0,0,0.3,0.6,0,0,0.1,0,0.1,0.3,0,0,0,0,RB,0.1,3000,0,29
Storm Johnson,JAC,0,0,0,0,0,0,0,0,0,0,0,0,0,0,0,0.5,1.5,0,1.8,5.4,0,0,0,0,0,0,0,0.3,0.8,0,0.1,0.2,0,0.2,0.5,0,0,0,0,0,0,0,0,0
Will Johnson,PIT,0,0,0,0,0,0,0,0,0,0,0,0,0,0,0,0,0.2,0,0.1,0.6,0,0,0,0,0,0,0,0.3,0.7,0,0.3,0.7,0,2.1,5.5,0,0,0,0,RB,0.7,3000,0,27
Jackie Battle,TEN,0,0,0,0,0,0,0,0,0,0,0,0,0,0,0,0.1,0.3,0,0.4,1.3,0,0,0,0,0,0,0,0.2,0.5,0,0.4,1,0,1.1,1.8,0,0,0,0,RB,1.2,3000,true,24
Silas Redd,WAS,0,0,0,0,0,0,0,0,0,0,0,0,0,0,0,0.3,0.7,0,1.4,4.7,0,0,0.1,0,0,0,0,0.2,0.8,0,0,0.1,0,0.1,0.5,0,0,0,0,0,0,0,0,0
Frank Summers,BUF,0,0,0,0,0,0,0,0,0,0,0,0,0,0,0,0.2,0.4,0,0.6,1.4,0,0,0,0,0,0,0,0.2,0.6,0,0.1,0.4,0,0.9,3.3,0,0,0,0,RB,1.4,3000,0,7
Ray Agnew,CLE,0,0,0,0,0,0,0,0,0,0,0,0,0,0,0,0,0,0,0,0,0,0,0,0,0,0,0,0.2,0.6,0,0.2,0.5,0,1.5,4.6,0,0,0,0,RB,0.5,3000,true,25
James White,NE,0,0,0,0,0,0,0,0,0,0,0,0,0,0,0,0.3,0.8,0,0.9,2.7,0,0,0,0,0,0,0,0.2,0.5,0,0.1,0.2,0,0.4,1.3,0,0,0,0,RB,4.2,3000,0,15
Jerome Felton,MIN,0,0,0,0,0,0,0,0,0,0,0,0,0,0,0,0.2,0.5,0,0.6,2,0,0,0,0,0,0,0,0.1,0.3,0,0,0,0,0,0.2,0,0,0,0,RB,0.2,3000,true,6
Jay Prosch,HOU,0,0,0,0,0,0,0,0,0,0,0,0,0,0,0,0,0,0,0,0,0,0,0,0,0,0,0,0.1,0.3,0,0.1,0.2,0,0.6,1.7,0,0,0,0,RB,0.3,3000,0,30
James Develin,NE,0,0,0,0,0,0,0,0,0,0,0,0,0,0,0,0,0.2,0,0.1,0.6,0,0,0,0,0,0,0,0.1,0.2,0,0.1,0.2,0,0.7,1.4,0,0,0,0,RB,0.9,3000,0,15
George Winn,DET,0,0,0,0,0,0,0,0,0,0,0,0,0,0,0,0.1,0.4,0,0.6,1.7,0,0,0,0,0,0,0,0.1,0.3,0,0,0.1,0,0.1,0.2,0,0,0,0,RB,0.8,3000,true,22
Anthony Sherman,KC,0,0,0,0,0,0,0,0,0,0,0,0,0,0,0,0.1,0.6,0,0.9,3.7,0,0,0,0,0.3,1,0,0.1,1.3,-1.6,0.8,1,0.6,4.9,5.9,4,0,0.1,0,RB,1.7,3000,0,2
Zurlon Tipton,IND,0,0,0,0,0,0,0,0,0,0,0,0,0,0,0,0.1,0.1,0.1,0.5,0.5,0.5,0,0,0,0,0,0,0.1,0.1,0.1,0,0,0,0,0,0,0,0,0,RB,0.0,3000,0,9
Marcus Thigpen,BUF,0,0,0,0,0,0,0,0,0,0,0,0,0,0,0,0.1,0.1,0.1,0.1,0.1,0.1,0,0,0,0,0,0,0,0,0,0.1,0.1,0.1,0.3,0.3,0.3,0,0,0,WR,-0.2,3000,0,14
Ronnie Brown,SD,0,0,0,0,0,0,0,0,0,0,0,0,0,0,0,0,0.2,0,0.1,0.3,0,0,0,0,0,0,0,0,0.1,0,0,0.2,0,0.2,0.9,0,0,0,0,RB,1.4,3000,true,21
LaMichael James,MIA,0,0,0,0,0,0,0,0,0,0,0,0,0,0,0,0.1,0.1,0.1,0,0,0,0,0,0,0,0,0,0,0,0,0.1,0.1,0.1,0.2,0.2,0.2,0,0,0,RB,0.2,3000,true,3
Tyler Clutts,DAL,0,0,0,0,0,0,0,0,0,0,0,0,0,0,0,0.2,0.5,0,0.1,0.3,0,0,0,0,0,0,0,0,0.1,0,0,0.1,0,0.1,0.2,0,0,0,0,0,0,0,0,0
Senorise Perry,CHI,0,0,0,0,0,0,0,0,0,0,0,0,0,0,0,0.1,0.2,0,0,0.1,0,0,0,0,0,0,0,0,0,0,0,0,0,0,0.1,0,0,0,0,0,0,0,0,0
Greg Jones,NO,0,0,0,0,0,0,0,0,0,0,0,0,0,0,0,0,0,0,0,0,0,0,0,0,0,0,0,0,0,0,0,0,0,0,0,0,0,0,0,0,0,0,0,0
Charcandrick West,KC,0,0,0,0,0,0,0,0,0,0,0,0,0,0,0,0,0,0,0,0,0,0,0,0,0,0,0,0,0,0,0,0,0,0,0,0,0,0,0,RB,0.0,3000,0,2
Willis McGahee,FA,0,0,0,0,0,0,0,0,0,0,0,0,0,0,0,0,0,0,0,0,0,0,0,0,0,0,0,0,0,0,0,0,0,0,0,0,0,0,0,0,0,0,0,0
Will Tukuafu,SEA,0,0,0,0,0,0,0,0,0,0,0,0,0,0,0,0,0,0,0,0,0,0,0,0,0,0,0,0,0,0,0,0,0,0,0,0,0,0,0,RB,0.0,3000,0,20
Josh Harris,PIT,0,0,0,0,0,0,0,0,0,0,0,0,0,0,0,0,0,0,0,0,0,0,0,0,0,0,0,0,0,0,0,0,0,0,0,0,0,0,0,RB,0.0,3000,0,27
Chase Reynolds,STL,0,0,0,0,0,0,0,0,0,0,0,0,0,0,0,0,0,0,0,0,0,0,0,0,0,0,0,0,0,0,0,0,0,0,0,0,0,0,0,RB,0.0,3000,0,4
Ronnie Hillman,DEN,0,0,0,0,0,0,0,0,0,0,0,0,0,0,0,0,0,0,0,0,0,0,0,0,0,0,0,0,0,0,0,0,0,0,0,0,0,0,0,RB,14.5,5400,true,1
Phillip Tanner,BUF,0,0,0,0,0,0,0,0,0,0,0,0,0,0,0,0,0,0,0,0,0,0,0,0,0,0,0,0,0,0,0,0,0,0,0,0,0,0,0,0,0,0,0,0
Jorvorskie Lane,TB,0,0,0,0,0,0,0,0,0,0,0,0,0,0,0,0,0,0,0,0,0,0,0,0,0,0,0,0,0,0,0,0,0,0,0,0,0,0,0,0,0,0,0,0
Shaun Draughn,CLE,0,0,0,0,0,0,0,0,0,0,0,0,0,0,0,0,0,0,0,0,0,0,0,0,0,0,0,0,0,0,0,0,0,0,0,0,0,0,0,0,0,0,0,0
Michael Cox,NYG,0,0,0,0,0,0,0,0,0,0,0,0,0,0,0,0,0,0,0,0,0,0,0,0,0,0,0,0,0,0,0,0,0,0,0,0,0,0,0,0,0,0,0,0
Austin Johnson,NO,0,0,0,0,0,0,0,0,0,0,0,0,0,0,0,0,0,0,0,0,0,0,0,0,0,0,0,0,0,0,0,0,0,0,0,0,0,0,0,0,0,0,0,0
Montell Owens,DET,0,0,0,0,0,0,0,0,0,0,0,0,0,0,0,0,0,0,0,0,0,0,0,0,0,0,0,0,0,0,0,0,0,0,0,0,0,0,0,0,0,0,0,0
Tommy Bohanon,NYJ,0,0,0,0,0,0,0,0,0,0,0,0,0,0,0,0,0,0,0,0,0,0,0,0,0,0,0,0,0,0,0,0,0,0,0,0,0,0,0,0,0,0,0,0
Mike Gillislee,MIA,0,0,0,0,0,0,0,0,0,0,0,0,0,0,0,0,0,0,0,0,0,0,0,0,0,0,0,0,0,0,0,0,0,0,0,0,0,0,0,0,0,0,0,0
Marcus Lattimore,SF,0,0,0,0,0,0,0,0,0,0,0,0,0,0,0,0,0,0,0,0,0,0,0,0,0,0,0,0,0,0,0,0,0,0,0,0,0,0,0,0,0,0,0,0
Jonathan Dwyer,ARI,0,0,0,0,0,0,0,0,0,0,0,0,0,0,0,0,0,0,0,0,0,0,0,0,0,0,0,0,0,0,0,0,0,0,0,0,0,0,0,0,0,0,0,0
Stanley Havili,SEA,0,0,0,0,0,0,0,0,0,0,0,0,0,0,0,0,0,0,0,0,0,0,0,0,0,0,0,0,0,0,0,0,0,0,0,0,0,0,0,0,0,0,0,0
Adrian Peterson,MIN,0,0,0,0,0,0,0,0,0,0,0,0,0,0,0,0,0,0,0,0,0,0,0,0,0,0,0,0,0,0,0,0,0,0,0,0,0,0,0,0,0,0,0,0
Derrick Coleman,SEA,0,0,0,0,0,0,0,0,0,0,0,0,0,0,0,0,0,0,0,0,0,0,0,0,0,0,0,0,0,0,0,0,0,0,0,0,0,0,0,0,0,0,0,0
Cyrus Gray,KC,0,0,0,0,0,0,0,0,0,0,0,0,0,0,0,0,0,0,0,0,0,0,0,0,0,0,0,0,0,0,0,0,0,0,0,0,0,0,0,0,0,0,0,0
Brandon Jacobs,FA,0,0,0,0,0,0,0,0,0,0,0,0,0,0,0,0,0,0,0,0,0,0,0,0,0,0,0,0,0,0,0,0,0,0,0,0,0,0,0,0,0,0,0,0
C.J. Spiller,BUF,0,0,0,0,0,0,0,0,0,0,0,0,0,0,0,0,0,0,0,0,0,0,0,0,0,0,0,0,0,0,0,0,0,0,0,0,0,0,0,0,0,0,0,0
Tony Fiammetta,CHI,0,0,0,0,0,0,0,0,0,0,0,0,0,0,0,0,0,0,0,0,0,0,0,0,0,0,0,0,0,0,0,0,0,0,0,0,0,0,0,0,0,0,0,0
Vonta Leach,FA,0,0,0,0,0,0,0,0,0,0,0,0,0,0,0,0,0,0,0,0,0,0,0,0,0,0,0,0,0,0,0,0,0,0,0,0,0,0,0,0,0,0,0,0
Mike James,TB,0,0,0,0,0,0,0,0,0,0,0,0,0,0,0,0.9,2,0,2.9,7,0,0,0,0,0.3,1,0,-0.3,0.7,-2,0,0.2,0,0.1,0.7,0,0,0,0,RB,0.5,3000,0,5
Will Ta'ufo'ou,JAC,0,0,0,0,0,0,0,0,0,0,0,0,0,0,0,0,0.1,0,0,0.1,0,0,0,0,0.3,1,0,-0.5,0.5,-2,0.1,0.4,0,1.2,3.7,0,0,0,0,0,0,0,0,0
Jamize Olawale,OAK,0,0,0,0,0,0,0,0,0,0,0,0,0,0,0,0,0.1,0,0.1,0.3,0,0,0,0,0.5,1,0,-1,0.1,-2,0.1,0.2,0,0.3,1,0,0,0,0,RB,0.4,3000,true,8
Rob Gronkowski,NE,0,0,0,0,0,0,0,0,0,0,0,0,0,0,0,0,0,0,0,0,0,0,0,0,0,0,0,12.6,15.1,10.1,5.6,8,5,74.9,91,68.7,0.9,1,0.6,TE,18.3,8000,0,2
Jimmy Graham,NO,0,0,0,0,0,0,0,0,0,0,0,0,0,0,0,0,0,0,0,0,0,0,0,0,0,0.1,0,12.4,14.8,8.9,5.6,7,5,71.6,88,61.2,0.9,1,0.5,TE,15.7,6500,true,12
Delanie Walker,TEN,0,0,0,0,0,0,0,0,0,0,0,0,0,0,0,0,0,0,0,0,0,0,0,0,0,0.1,0,9.8,14.6,7.3,4.4,5,3,52.2,86,37,0.8,1,0.4,TE,12.8,4200,true,19
Antonio Gates,SD,0,0,0,0,0,0,0,0,0,0,0,0,0,0,0,0,0,0,0,0,0,0,0,0,0,0,0,9.5,11.5,6.6,4.1,5,3,49.8,55,39,0.8,1,0.3,TE,13.2,4700,true,25
Greg Olsen,CAR,0,0,0,0,0,0,0,0,0,0,0,0,0,0,0,0,0,0,0,0,0,0,0,0,0,0,0,9.3,13.5,6.9,5.2,6,4.3,59,75,42,0.6,1,0,TE,14.6,4900,0,3
Martellus Bennett,CHI,0,0,0,0,0,0,0,0,0,0,0,0,0,0,0,0,0,0,0,0,0,0,0,0,0,0,0,8.7,12,6,4.9,5.5,4,51.4,60.3,33,0.6,1,0,0,0,0,0,0
Travis Kelce,KC,0,0,0,0,0,0,0,0,0,0,0,0,0,0,0,0,0,0,0,0,0,0,0,0,0,0.1,0,8.2,12.2,5.3,4.1,5,3,46.6,62,25,0.6,1,0,TE,10.4,4500,0,27
Jordan Reed,WAS,0,0,0,0,0,0,0,0,0,0,0,0,0,0,0,0,0,0,0,0,0,0,0,0,0,0.1,0,8.1,12.5,6.1,5.1,7,4,54.5,82,32.9,0.4,1,0,TE,10.2,4600,true,7
Larry Donnell,NYG,0,0,0,0,0,0,0,0,0,0,0,0,0,0,0,0,0,0,0,0,0,0,0,0,0,0.1,0,8,11,5.8,3.7,5,2,36.4,50,19,0.7,1,0.3,TE,11.2,4100,0,20
Jason Witten,DAL,0,0,0,0,0,0,0,0,0,0,0,0,0,0,0,0,0,0,0,0,0,0,0,0,0,0,0,8,10.4,5,4,5,3,43.7,50,34,0.6,1,0,0,0,0,0,0
Dwayne Allen,IND,0,0,0,0,0,0,0,0,0,0,0,0,0,0,0,0,0,0,0,0,0,0,0,0,0,0,0,7.1,10,2.9,2.9,4,2,34.6,40,29,0.6,1,0,TE,10.5,3600,0,11
Coby Fleener,IND,0,0,0,0,0,0,0,0,0,0,0,0,0,0,0,0,0,0,0,0,0,0,0,0,0,0,0,7,11,3,3.2,4,2,35.7,50,27.1,0.6,1,0,TE,11.4,5700,0,11
Kyle Rudolph,MIN,0,0,0,0,0,0,0,0,0,0,0,0,0,0,0,0,0,0,0,0,0,0,0,0,0,0,0,6.6,9,4,3.2,4,2,33.1,42.9,19,0.6,1,0,TE,7.1,3300,true,29
Julius Thomas,DEN,0,0,0,0,0,0,0,0,0,0,0,0,0,0,0,0,0,0,0,0,0,0,0,0,0,0.1,0,5.9,11.5,0,3.1,5,0,35.1,58.9,0,0.4,1,0,TE,15.8,5200,true,8
Jared Cook,STL,0,0,0,0,0,0,0,0,0,0,0,0,0,0,0,0,0,0,0,0,0,0,0,0,0,0.1,0,5.5,10.1,3.6,3.3,4,3,39.4,41,36,0.3,1,0,TE,7.5,3000,0,26
Heath Miller,PIT,0,0,0,0,0,0,0,0,0,0,0,0,0,0,0,0,0,0,0,0,0,0,0,0,0,0.1,0,5,6.1,3.5,4.2,5,3.8,44.2,61,35,0.1,0.3,0,TE,10.3,4600,0,21
Timothy Wright,NE,0,0,0,0,0,0,0,0,0,0,0,0,0,0,0,0,0,0,0,0,0,0,0,0,0,0,0,4.3,7.7,1.8,2,2.5,1.6,19.7,27,9,0.4,1,0,0,0,0,0,0
Jermaine Gresham,CIN,0,0,0,0,0,0,0,0,0,0,0,0,0,0,0,0,0,0,0,0,0,0,0,0,0,0.1,0,4.3,6,2.3,3.5,4,2.8,36.4,60,23,0.1,0.3,0,TE,7.9,3200,true,23
Jordan Cameron,CLE,0,0,0,0,0,0,0,0,0,0,0,0,0,0,0,0,0,0,0,0,0,0,0,0,0,0,0,3.9,6.9,0,2.3,4,0,29.4,69,0,0.2,0.5,0,TE,7.8,3000,true,31
Luke Willson,SEA,0,0,0,0,0,0,0,0,0,0,0,0,0,0,0,0,0,0,0,0,0,0,0,0,0,0,0,3.8,9.1,2,2.1,3,1.4,25.4,37,17.4,0.2,1,0,TE,3.7,3200,0,10
Owen Daniels,BAL,0,0,0,0,0,0,0,0,0,0,0,0,0,0,0,0,0,0,0,0,0,0,0,0,0,0,0,3.7,5.1,1.5,3.1,4,2,32.3,45,15,0.1,0.2,0,TE,8.7,3000,0,1
Richard Rodgers,GB,0,0,0,0,0,0,0,0,0,0,0,0,0,0,0,0,0,0,0,0,0,0,0,0,0,0,0,3.6,6.9,2,1.8,3,1,22,50,9,0.2,1,0,TE,3.5,3000,true,4
Eric Ebron,DET,0,0,0,0,0,0,0,0,0,0,0,0,0,0,0,0,0,0,0,0,0,0,0,0,0,0,0,3.6,6.9,1.3,2.3,3,2,23,34.1,9,0.2,1,0,TE,4.7,3000,true,14
Scott Chandler,BUF,0,0,0,0,0,0,0,0,0,0,0,0,0,0,0,0,0,0,0,0,0,0,0,0,0,0.1,0,3.6,6.7,1,2.5,3.2,2,22,33.7,7,0.2,1,0,TE,6.7,3000,0,28
Mychal Rivera,OAK,0,0,0,0,0,0,0,0,0,0,0,0,0,0,0,0,0,0,0,0,0,0,0,0,0,0.1,0,3.4,5.2,2.3,3.1,4,2,30,42.7,23,0.1,0.2,0,TE,7.8,3300,true,15
Anthony Fasano,KC,0,0,0,0,0,0,0,0,0,0,0,0,0,0,0,0,0,0,0,0,0,0,0,0,0,0,0,3.2,6.9,1.7,1.9,2.3,1,19.9,31,9,0.2,1,0,TE,6.3,3000,0,27
Brent Celek,PHI,0,0,0,0,0,0,0,0,0,0,0,0,0,0,0,0,0,0,0,0,0,0,0,0,0,0,0,3.2,3.8,2.1,2.5,3.4,1.9,27.9,32,21,0.1,0.2,0,TE,4.7,3000,true,18
Charles Clay,MIA,0,0,0,0,0,0,0,0,0,0,0,0,0,0,0,0,0,0,0,0,0,0,0,0,0,0,0,3.2,7.8,0,2.4,4.2,0,23.6,46.7,0,0.1,0.5,0,TE,8.6,3400,true,13
Tony Moeaki,SEA,0,0,0,0,0,0,0,0,0,0,0,0,0,0,0,0,0,0,0,0,0,0,0,0,0,0,0,3.2,5,1.4,2,4,1,26.7,50,14,0.1,0.3,0,TE,7.3,3000,0,10
Vernon Davis,SF,0,0,0,0,0,0,0,0,0,0,0,0,0,0,0,0,0,0,0,0,0,0,0,0,0,0,0,3.1,4.8,1.4,2.4,3,2,26,32.8,14,0.1,0.3,0,TE,5.6,3100,0,16
Dion Sims,MIA,0,0,0,0,0,0,0,0,0,0,0,0,0,0,0,0,0,0,0,0,0,0,0,0,0,0,0,3,5.6,1.6,2.1,4,1,26.5,56,14.2,0.1,0.2,0,TE,4.5,3000,true,13
John Carlson,ARI,0,0,0,0,0,0,0,0,0,0,0,0,0,0,0,0,0,0,0,0,0,0,0,0,0,0,0,2.9,3.8,2,2.2,3,2,25.5,33,20,0.1,0.2,0,TE,5.5,3100,true,6
Zach Ertz,PHI,0,0,0,0,0,0,0,0,0,0,0,0,0,0,0,0,0,0,0,0,0,0,0,0,0,0,0,2.8,3.7,0.8,2.2,3,1,23.3,30,8,0.1,0.2,0,TE,7.6,3000,true,18
Andrew Quarless,GB,0,0,0,0,0,0,0,0,0,0,0,0,0,0,0,0,0,0,0,0,0,0,0,0,0,0,0,2.7,4,1.5,1.8,2.1,1,22,34,15,0.1,0.3,0,TE,5.5,3000,true,4
Marcedes Lewis,JAC,0,0,0,0,0,0,0,0,0,0,0,0,0,0,0,0,0,0,0,0,0,0,0,0,0,0,0,2.6,4.1,1.4,2.2,3,1,23.6,30,14,0.1,0.2,0,0,0,0,0,0
Levine Toilolo,ATL,0,0,0,0,0,0,0,0,0,0,0,0,0,0,0,0,0,0,0,0,0,0,0,0,0,0,0,2.5,4.1,1.3,2.3,3,1.9,20.7,31.9,13,0.1,0.2,0,TE,4.5,3200,0,22
Ladarius Green,SD,0,0,0,0,0,0,0,0,0,0,0,0,0,0,0,0,0,0,0,0,0,0,0,0,0,0,0,2.4,3.5,1.5,1.7,2,1.2,20,35,12.7,0.1,0.2,0,TE,3.5,3000,true,25
Niles Paul,WAS,0,0,0,0,0,0,0,0,0,0,0,0,0,0,0,0,0,0,0,0,0,0,0,0,0,0,0,2.1,3.4,1,1.7,2,1,17.7,30,10,0.1,0.2,0,TE,7.2,3000,true,7
Jim Dray,CLE,0,0,0,0,0,0,0,0,0,0,0,0,0,0,0,0,0,0,0,0,0,0,0,0,0,0,0,2,3,1,1.2,2,0.5,16.3,30,5,0.1,0.3,0,TE,3.7,3000,true,31
Ryan Griffin,HOU,0,0,0,0,0,0,0,0,0,0,0,0,0,0,0,0,0,0,0,0,0,0,0,0,0,0,0,1.9,2.6,1.2,1.5,2,1,15.6,25,10.2,0.1,0.1,0,TE,0.9,3000,0,17
Lance Kendricks,STL,0,0,0,0,0,0,0,0,0,0,0,0,0,0,0,0,0,0,0,0,0,0,0,0,0,0,0,1.9,3.6,0.4,1.4,1.9,1,12.1,19.5,4,0.1,0.3,0,TE,5.4,3000,0,26
Jeff Cumberland,NYJ,0,0,0,0,0,0,0,0,0,0,0,0,0,0,0,0,0,0,0,0,0,0,0,0,0,0,0,1.6,2.8,0.6,1.6,3,0.6,15.5,28,3.4,0,0.1,0,TE,3.2,3000,0,9
Daniel Fells,NYG,0,0,0,0,0,0,0,0,0,0,0,0,0,0,0,0,0,0,0,0,0,0,0,0,0,0,0,1.3,2.8,0,0.7,1,0,7.6,12,0,0.1,0.3,0,TE,4.3,3000,0,20
Josh Hill,NO,0,0,0,0,0,0,0,0,0,0,0,0,0,0,0,0,0,0,0,0,0,0,0,0,0,0,0,1.3,2,0,0.7,1.2,0,8.8,13.7,0,0.1,0.2,0,TE,3.8,3000,true,12
Benjamin Watson,NO,0,0,0,0,0,0,0,0,0,0,0,0,0,0,0,0,0,0,0,0,0,0,0,0,0,0,0,1.3,2.6,0,1.1,2,0,9.1,15,0,0.1,0.2,0,TE,2.5,3000,true,12
Joseph Fauria,DET,0,0,0,0,0,0,0,0,0,0,0,0,0,0,0,0,0,0,0,0,0,0,0,0,0,0,0,1.1,1.7,0.7,0.8,1,0.3,7.6,10.8,3,0.1,0.1,0,TE,2.0,3000,true,14
Brandon Myers,TB,0,0,0,0,0,0,0,0,0,0,0,0,0,0,0,0,0,0,0,0,0,0,0,0,0,0,0,1.1,3.4,0,1,3,0,8.9,30,0,0,0.1,0,TE,3.2,3000,0,24
Gavin Escobar,DAL,0,0,0,0,0,0,0,0,0,0,0,0,0,0,0,0,0,0,0,0,0,0,0,0,0,0,0,1.1,2.6,0,0.4,0.8,0,5,9.6,0,0.1,0.3,0,0,0,0,0,0
Cooper Helfet,SEA,0,0,0,0,0,0,0,0,0,0,0,0,0,0,0,0,0,0,0,0,0,0,0,0,0,0,0,1,2.3,0,0.5,1,0,6.6,14.4,0,0.1,0.1,0,TE,4.4,3000,0,10
Clay Harbor,JAC,0,0,0,0,0,0,0,0,0,0,0,0,0,0,0,0,0,0,0,0,0,0,0,0,0,0,0,1,1.5,0.8,0.9,1,0.8,9.4,15,7.1,0,0.1,0,0,0,0,0,0
Jacob Tamme,DEN,0,0,0,0,0,0,0,0,0,0,0,0,0,0,0,0,0,0,0,0,0,0,0,0,0,0,0,1,1.2,0.7,1.1,2,0.7,8.4,11,5.4,0,0.1,0,TE,2.8,3000,true,8
Michael Palmer,PIT,0,0,0,0,0,0,0,0,0,0,0,0,0,0,0,0,0,0,0,0,0,0,0,0,0,0,0,1,2.9,0,0.3,0.9,0,3.2,9.5,0,0.1,0.3,0,TE,0.6,3000,0,21
Matt Spaeth,PIT,0,0,0,0,0,0,0,0,0,0,0,0,0,0,0,0,0,0,0,0,0,0,0,0,0,0,0,1,2.9,0,0.3,0.9,0,3.2,9.5,0,0.1,0.3,0,TE,1.0,3000,0,21
Chase Ford,MIN,0,0,0,0,0,0,0,0,0,0,0,0,0,0,0,0,0,0,0,0,0,0,0,0,0,0,0,1,2.7,0,0.7,1.6,0,6.7,19,0,0.1,0.1,0,TE,6.2,3000,true,29
Brandon Pettigrew,DET,0,0,0,0,0,0,0,0,0,0,0,0,0,0,0,0,0,0,0,0,0,0,0,0,0,0,0,0.9,2.5,0,0.9,2.8,0,6,17.7,0,0,0.1,0,TE,1.7,3000,true,14
Virgil Green,DEN,0,0,0,0,0,0,0,0,0,0,0,0,0,0,0,0,0,0,0,0,0,0,0,0,0,0,0,0.9,1.8,0,0.5,1,0,5.2,10.3,0,0.1,0.2,0,TE,0.7,3000,true,8
Rhett Ellison,MIN,0,0,0,0,0,0,0,0,0,0,0,0,0,0,0,0,0,0,0,0,0,0,0,0,0,0,0,0.8,1.7,0.2,0.8,1.3,0.2,7.2,13.1,2,0,0.1,0,TE,2.7,3000,true,29
Zach Sudfeld,NYJ,0,0,0,0,0,0,0,0,0,0,0,0,0,0,0,0,0,0,0,0,0,0,0,0,0,0,0,0.8,1.8,0,0.6,1.2,0,6.7,13.7,0,0,0.1,0,TE,0.5,3000,0,9
Bear Pascoe,ATL,0,0,0,0,0,0,0,0,0,0,0,0,0,0,0,0,0,0,0,0,0,0,0,0,0,0,0,0.8,2.3,0,0.3,0.9,0,3.2,9.6,0,0.1,0.2,0,TE,0.6,3000,0,22
Jace Amaro,NYJ,0,0,0,0,0,0,0,0,0,0,0,0,0,0,0,0,0,0,0,0,0,0,0,0,0,0,0,0.8,3.1,0,0.5,2.1,0,6.3,25,0,0,0.1,0,TE,6.8,3300,0,9
Cameron Brate,TB,0,0,0,0,0,0,0,0,0,0,0,0,0,0,0,0,0,0,0,0,0,0,0,0,0,0,0,0.7,1.2,0.3,0.7,1.2,0.2,5.9,12,2.6,0,0.1,0,TE,2.7,3000,0,24
Dante Rosario,CHI,0,0,0,0,0,0,0,0,0,0,0,0,0,0,0,0,0,0,0,0,0,0,0,0,0,0,0,0.7,1,0.4,0.8,1,0.5,6.2,10,4,0,0.1,0,0,0,0,0,0
Ed Dickson,CAR,0,0,0,0,0,0,0,0,0,0,0,0,0,0,0,0,0,0,0,0,0,0,0,0,0,0,0,0.6,1.1,0,0.5,1,0,5.5,9,0,0,0.1,0,TE,1.0,3000,0,3
Austin Seferian-Jenkins,TB,0,0,0,0,0,0,0,0,0,0,0,0,0,0,0,0,0,0,0,0,0,0,0,0,0,0,0,0.6,1.9,0,0.6,2,0,5.8,19,0,0,0,0,TE,6.0,3000,0,24
Logan Paulsen,WAS,0,0,0,0,0,0,0,0,0,0,0,0,0,0,0,0,0,0,0,0,0,0,0,0,0,0,0,0.6,1.3,0.1,0.6,1,0.2,5.5,13,1.2,0,0,0,TE,1.9,3000,true,7
Brandon Bostick,GB,0,0,0,0,0,0,0,0,0,0,0,0,0,0,0,0,0,0,0,0,0,0,0,0,0,0,0,0.5,1.5,0,0.2,0.7,0,2,6.8,0,0.1,0.1,0,TE,0.9,3000,true,4
Jack Doyle,IND,0,0,0,0,0,0,0,0,0,0,0,0,0,0,0,0,0,0,0,0,0,0,0,0,0,0,0,0.5,1,0,0.5,1,0,3.2,5.6,0,0,0.1,0,TE,2.1,3000,0,11
C.J. Fiedorowicz,HOU,0,0,0,0,0,0,0,0,0,0,0,0,0,0,0,0,0,0,0,0,0,0,0,0,0,0,0,0.4,1.4,0,0.2,0.7,0,2.5,8,0,0,0.1,0,TE,0.3,3000,0,17
John Phillips,SD,0,0,0,0,0,0,0,0,0,0,0,0,0,0,0,0,0,0,0,0,0,0,0,0,0,0,0,0.4,0.6,0,0.4,1,0,2.9,6,0,0,0.1,0,TE,0.6,3000,true,25
Gary Barnidge,CLE,0,0,0,0,0,0,0,0,0,0,0,0,0,0,0,0,0,0,0,0,0,0,0,0,0,0,0,0.4,1.2,0,0.2,1,0,2.8,12,0,0,0.1,0,TE,2.4,3000,true,31
Robert Housler,ARI,0,0,0,0,0,0,0,0,0,0,0,0,0,0,0,0,0,0,0,0,0,0,0,0,0,0,0,0.4,0.8,0,0.3,0.7,0,3,6.3,0,0,0,0,0,0,0,0,0
Michael Hoomanawanui,NE,0,0,0,0,0,0,0,0,0,0,0,0,0,0,0,0,0,0,0,0,0,0,0,0,0,0,0,0.3,0.8,0,0.4,1,0,3.1,8,0,0,0,0,TE,0.6,3000,0,2
Garrett Graham,HOU,0,0,0,0,0,0,0,0,0,0,0,0,0,0,0,0,0,0,0,0,0,0,0,0,0,0,0,0.3,1.3,0,0.3,1,0,3.3,13,0,0,0,0,TE,4.0,3000,0,17
Lee Smith,BUF,0,0,0,0,0,0,0,0,0,0,0,0,0,0,0,0,0,0,0,0,0,0,0,0,0,0,0,0.3,0.8,0,0.3,0.9,0,2.9,6.9,0,0,0,0,TE,1.1,3000,0,28
Adrien Robinson,NYG,0,0,0,0,0,0,0,0,0,0,0,0,0,0,0,0,0,0,0,0,0,0,0,0,0,0,0,0.3,0.9,0,0.1,0.3,0,1.4,3.1,0,0,0.1,0,TE,1.3,3000,0,20
James Hanna,DAL,0,0,0,0,0,0,0,0,0,0,0,0,0,0,0,0,0,0,0,0,0,0,0,0,0,0,0,0.3,0.6,0,0.2,0.5,0,2.3,5,0,0,0,0,0,0,0,0,0
Chase Coffman,TEN,0,0,0,0,0,0,0,0,0,0,0,0,0,0,0,0,0,0,0,0,0,0,0,0,0,0,0,0.3,0.8,0,0.2,0.4,0,1.9,4.6,0,0,0.1,0,TE,1.8,3000,true,19
Brian Leonhardt,OAK,0,0,0,0,0,0,0,0,0,0,0,0,0,0,0,0,0,0,0,0,0,0,0,0,0,0,0,0.3,0.7,0,0.2,0.5,0,2.1,5.9,0,0,0,0,TE,1.3,3000,true,15
Nic Jacobs,JAC,0,0,0,0,0,0,0,0,0,0,0,0,0,0,0,0,0,0,0,0,0,0,0,0,0,0,0,0.2,0.8,0,0.1,0.2,0,1.2,3.5,0,0,0.1,0,0,0,0,0,0
Luke Stocker,TB,0,0,0,0,0,0,0,0,0,0,0,0,0,0,0,0,0,0,0,0,0,0,0,0,0,0,0,0.2,0.6,0,0.2,0.5,0,1.9,5.2,0,0,0,0,TE,0.8,3000,0,24
Derek Carrier,SF,0,0,0,0,0,0,0,0,0,0,0,0,0,0,0,0,0,0,0,0,0,0,0,0,0,0,0,0.2,0.8,0,0.1,0.2,0,0.5,2,0,0,0.1,0,0,0,0,0,0
Kevin Brock,CIN,0,0,0,0,0,0,0,0,0,0,0,0,0,0,0,0,0,0,0,0,0,0,0,0,0,0,0,0.2,0.2,0.2,0.1,0.1,0.1,1.1,1.1,1.1,0,0,0,TE,0.2,3000,true,23
Ryan Taylor,CLE,0,0,0,0,0,0,0,0,0,0,0,0,0,0,0,0,0,0,0,0,0,0,0,0,0,0,0,0.2,0.5,0,0.1,0.4,0,1.3,3.8,0,0,0,0,TE,0.0,3000,true,31
Vance McDonald,SF,0,0,0,0,0,0,0,0,0,0,0,0,0,0,0,0,0,0,0,0,0,0,0,0,0,0,0,0.2,0.6,0,0.1,0.4,0,1.2,4.3,0,0,0,0,TE,0.5,3000,0,16
Matthew Mulligan,ARI,0,0,0,0,0,0,0,0,0,0,0,0,0,0,0,0,0,0,0,0,0,0,0,0,0,0,0,0.1,0.5,0,0.1,0.4,0,1.3,3.9,0,0,0,0,TE,0.0,3000,true,6
Phillip Supernaw,BAL,0,0,0,0,0,0,0,0,0,0,0,0,0,0,0,0,0,0,0,0,0,0,0,0,0,0,0,0.1,0.1,0.1,0.3,0.3,0.3,1.2,1.2,1.2,0,0,0,0,0,0,0,0
Gator Hoskins,MIA,0,0,0,0,0,0,0,0,0,0,0,0,0,0,0,0,0,0,0,0,0,0,0,0,0,0,0,0.1,0.4,0,0.1,0.3,0,0.8,2.4,0,0,0,0,0,0,0,0,0
Garrett Celek,SF,0,0,0,0,0,0,0,0,0,0,0,0,0,0,0,0,0,0,0,0,0,0,0,0,0,0,0,0.1,0.3,0,0.1,0.2,0,0.6,2.2,0,0,0,0,TE,0.0,3000,0,16
Chris Gragg,BUF,0,0,0,0,0,0,0,0,0,0,0,0,0,0,0,0,0,0,0,0,0,0,0,0,0,0,0,0.1,0.3,0,0.1,0.3,0,0.8,2.5,0,0,0,0,TE,1.8,3000,0,28
Brandon Williams,ARI,0,0,0,0,0,0,0,0,0,0,0,0,0,0,0,0,0,0,0,0,0,0,0,0,0,0,0,0.1,0.2,0,0,0.1,0,0.4,1.1,0,0,0,0,0,0,0,0,0
David Johnson,SD,0,0,0,0,0,0,0,0,0,0,0,0,0,0,0,0,0,0,0,0,0,0,0,0,0,0,0,0,0.1,0,0.1,0.3,0,0.4,1.2,0,0,0,0,TE,0.1,3000,true,25
Mickey Shuler,JAC,0,0,0,0,0,0,0,0,0,0,0,0,0,0,0,0,0,0,0,0,0,0,0,0,0,0,0,0,0,0,0,0,0,0.2,0.2,0.2,0,0,0,0,0,0,0,0
Trey Burton,PHI,0,0,0,0,0,0,0,0,0,0,0,0,0,0,0,0,0,0,0,0,0,0,0,0,0,0,0,0,0,0,0,0,0,0.1,0.1,0.1,0,0,0,TE,0.1,3000,true,18
Darren Fells,ARI,0,0,0,0,0,0,0,0,0,0,0,0,0,0,0,0,0,0,0,0,0,0,0,0,0,0,0,0,0,0,0,0.1,0,0.1,0.3,0,0,0,0,TE,0.0,3000,true,6
Demetrius Harris,KC,0,0,0,0,0,0,0,0,0,0,0,0,0,0,0,0,0,0,0,0,0,0,0,0,0,0,0,0,0,0,0,0,0,0,0,0,0,0,0,0,0,0,0,0
Billy Bajema,FA,0,0,0,0,0,0,0,0,0,0,0,0,0,0,0,0,0,0,0,0,0,0,0,0,0,0,0,0,0,0,0,0,0,0,0,0,0,0,0,0,0,0,0,0
Joel Dreessen,DEN,0,0,0,0,0,0,0,0,0,0,0,0,0,0,0,0,0,0,0,0,0,0,0,0,0,0,0,0,0,0,0,0,0,0,0,0,0,0,0,0,0,0,0,0
Troy Niklas,ARI,0,0,0,0,0,0,0,0,0,0,0,0,0,0,0,0,0,0,0,0,0,0,0,0,0,0,0,0,0,0,0,0,0,0,0,0,0,0,0,0,0,0,0,0
Ben Hartsock,FA,0,0,0,0,0,0,0,0,0,0,0,0,0,0,0,0,0,0,0,0,0,0,0,0,0,0,0,0,0,0,0,0,0,0,0,0,0,0,0,0,0,0,0,0
Richard Gordon,KC,0,0,0,0,0,0,0,0,0,0,0,0,0,0,0,0,0,0,0,0,0,0,0,0,0,0,0,0,0,0,0,0,0,0,0,0,0,0,0,0,0,0,0,0
Kellen Winslow,FA,0,0,0,0,0,0,0,0,0,0,0,0,0,0,0,0,0,0,0,0,0,0,0,0,0,0,0,0,0,0,0,0,0,0,0,0,0,0,0,0,0,0,0,0
Richie Brockel,CAR,0,0,0,0,0,0,0,0,0,0,0,0,0,0,0,0,0,0,0,0,0,0,0,0,0,0,0,0,0,0,0,0,0,0,0,0,0,0,0,0,0,0,0,0
Visanthe Shiancoe,FA,0,0,0,0,0,0,0,0,0,0,0,0,0,0,0,0,0,0,0,0,0,0,0,0,0,0,0,0,0,0,0,0,0,0,0,0,0,0,0,0,0,0,0,0
Alex Smith,CIN,0,0,0,0,0,0,0,0,0,0,0,0,0,0,0,0,0,0,0,0,0,0,0,0,0,0,0,0,0,0,0,0,0,0,0,0,0,0,0,0,0,0,0,0
Dallas Clark,FA,0,0,0,0,0,0,0,0,0,0,0,0,0,0,0,0,0,0,0,0,0,0,0,0,0,0,0,0,0,0,0,0,0,0,0,0,0,0,0,0,0,0,0,0
Taylor Thompson,TEN,0,0,0,0,0,0,0,0,0,0,0,0,0,0,0,0,0,0,0,0,0,0,0,0,0,0,0,0,0,0,0,0,0,0,0,0,0,0,0,0,0,0,0,0
Tony Gonzalez,FA,0,0,0,0,0,0,0,0,0,0,0,0,0,0,0,0,0,0,0,0,0,0,0,0,0,0,0,0,0,0,0,0,0,0,0,0,0,0,0,0,0,0,0,0
Nick Kasa,OAK,0,0,0,0,0,0,0,0,0,0,0,0,0,0,0,0,0,0,0,0,0,0,0,0,0,0,0,0,0,0,0,0,0,0,0,0,0,0,0,0,0,0,0,0
Weslye Saunders,IND,0,0,0,0,0,0,0,0,0,0,0,0,0,0,0,0,0,0,0,0,0,0,0,0,0,0,0,0,0,0,0,0,0,0,0,0,0,0,0,TE,0.0,3000,0,11
Anthony McCoy,SEA,0,0,0,0,0,0,0,0,0,0,0,0,0,0,0,0,0,0,0,0,0,0,0,0,0,0,0,0,0,0,0,0,0,0,0,0,0,0,0,0,0,0,0,0
D.C. Jefferson,CAR,0,0,0,0,0,0,0,0,0,0,0,0,0,0,0,0,0,0,0,0,0,0,0,0,0,0,0,0,0,0,0,0,0,0,0,0,0,0,0,0,0,0,0,0
David Ausberry,OAK,0,0,0,0,0,0,0,0,0,0,0,0,0,0,0,0,0,0,0,0,0,0,0,0,0,0,0,0,0,0,0,0,0,0,0,0,0,0,0,0,0,0,0,0
Justice Cunningham,STL,0,0,0,0,0,0,0,0,0,0,0,0,0,0,0,0,0,0,0,0,0,0,0,0,0,0,0,0,0,0,0,0,0,0,0,0,0,0,0,TE,0.0,3000,0,26
Craig Stevens,TEN,0,0,0,0,0,0,0,0,0,0,0,0,0,0,0,0,0,0,0,0,0,0,0,0,0,0,0,0,0,0,0,0,0,0,0,0,0,0,0,0,0,0,0,0
Tyler Eifert,CIN,0,0,0,0,0,0,0,0,0,0,0,0,0,0,0,0,0,0,0,0,0,0,0,0,0,0,0,0,0,0,0,0,0,0,0,0,0,0,0,0,0,0,0,0
Crockett Gillmore,BAL,0,0,0,0,0,0,0,0,0,0,0,0,0,0,0,0,0,0,0,0,0,0,0,0,0.3,1,0,-0.4,0.8,-2,0.2,0.5,0,2.5,5.9,0,0,0,0,TE,1.4,3000,0,1
Calvin Johnson,DET,0,0,0,0,0,0,0,0,0,0,0,0,0,0,0,0,0,0,0,0,0,0,0,0,0,0.1,0,16.1,20.6,13.6,7.1,9,6,99.9,122,84,1,2,0.7,WR,17.8,9500,true,23
Demaryius Thomas,DEN,0,0,0,0,0,0,0,0,0,0,0,0,0,0,0,0,0,0,0,0,0,0,0,0,0,0.1,0,15.6,18.9,13.4,7.1,8,6,94.2,121,69,1,2,0.7,WR,24.7,8800,true,12
Jordy Nelson,GB,0,0,0,0,0,0,0,0,0,0,0,0,0,0,0,0,0,0,0,0,0,0,0,0,0,0,0,15.3,17.7,12.9,6.1,8,5,98.2,117,79.1,0.9,1,0.7,WR,21.4,8100,true,27
Dez Bryant,DAL,0,0,0,0,0,0,0,0,0,0,0,0,0,0,0,0,0.1,0,0,0,0,0,0,0,0,0.1,0,14.8,18.7,12.1,6.2,7,5.7,87,116,67,1,2,0.6,0,0,0,0,0
Antonio Brown,PIT,0,0,0,0,0,0,0,0,0,0,0,0,0,0,0,0.2,0.5,0,1,2,0,0,0,0,0,0.1,0,14.4,16.7,12.1,7.3,8.1,6.5,96.2,107,88.5,0.8,1,0.4,WR,25.7,9300,0,2
Julio Jones,ATL,0,0,0,0,0,0,0,0,0,0,0,0,0,0,0,0.1,0.1,0,0.4,1,0,0,0,0,0.1,0.2,0,14.3,16.5,12.1,6.9,8,6,94.1,105,80,0.8,1,0.4,WR,20.3,8300,0,18
A.J. Green,CIN,0,0,0,0,0,0,0,0,0,0,0,0,0,0,0,0.2,0.5,0,1.3,2,0,0,0,0,0,0.1,0,14.2,17.2,11.4,6.4,8,5.4,91.9,112,78,0.8,1,0.5,WR,17.2,8200,true,13
Randall Cobb,GB,0,0,0,0,0,0,0,0,0,0,0,0,0,0,0,0.5,1,0.1,2.5,3,1,0,0,0,0,0.1,0,13.7,15.1,11.4,6.3,7,5,82.4,91,67.2,0.9,1,0.7,WR,19.3,7400,true,27
Odell Beckham Jr.,NYG,0,0,0,0,0,0,0,0,0,0,0,0,0,0,0,0.3,0.9,0,2.2,5.3,0,0,0,0,0,0.1,0,13.6,15.5,10.7,6.3,7,4.6,84.9,95,68.6,0.8,1,0.6,WR,19.9,7700,0,26
Josh Gordon,CLE,0,0,0,0,0,0,0,0,0,0,0,0,0,0,0,0.1,0.3,0,0.4,1.5,0,0,0,0,0,0.1,0,13.6,16.3,10.7,6.6,8,5,88.6,103,82,0.8,1,0.4,WR,18.8,8100,true,6
Ty Hilton,IND,0,0,0,0,0,0,0,0,0,0,0,0,0,0,0,0.4,1,0.1,3,10,0.1,0,0,0,0,0.1,0,12.9,16.1,10.1,5.6,7,4,86.8,128,69,0.7,1,0,WR,19.1,8000,0,19
Emmanuel Sanders,DEN,0,0,0,0,0,0,0,0,0,0,0,0,0,0,0,0.2,0.8,0,1.4,4.7,0,0,0,0,0,0.1,0,12.6,16,8,6.2,7,5,83.9,100,74.7,0.7,1,0,WR,22.1,7900,true,12
Kelvin Benjamin,CAR,0,0,0,0,0,0,0,0,0,0,0,0,0,0,0,0,0,0,0,0,0,0,0,0,0,0.1,0,12.2,14.5,10,5.3,6,4,74.7,85,63,0.8,1,0.4,WR,16.0,6500,0,29
DeAndre Hopkins,HOU,0,0,0,0,0,0,0,0,0,0,0,0,0,0,0,0,0,0,0,0,0,0,0,0,0,0.1,0,12.1,14.7,8.1,5.6,7,4.4,75.1,87,56,0.8,1,0.3,WR,17.6,6600,0,17
Alshon Jeffery,CHI,0,0,0,0,0,0,0,0,0,0,0,0,0,0,0,0.5,1,0.2,2.9,6,0,0,0,0,0,0.1,0,12,15.6,7,6.1,8,5,76.7,96,68,0.7,1,0,0,0,0,0,0
Kenny Stills,NO,0,0,0,0,0,0,0,0,0,0,0,0,0,0,0,0.1,0.3,0,0.4,1.4,0,0,0,0,0,0.1,0,11.7,14.8,8.1,5.2,6,3.8,72.5,88,56.2,0.7,1,0.4,WR,12.4,6000,true,25
Golden Tate,DET,0,0,0,0,0,0,0,0,0,0,0,0,0,0,0,0.2,0.3,0,0.7,1.4,0,0,0,0,0,0.1,0,11.4,13.8,7,5.6,7,5,77.4,102,56.9,0.6,1,0,WR,19.1,7500,true,23
Anquan Boldin,SF,0,0,0,0,0,0,0,0,0,0,0,0,0,0,0,0,0.1,0,0.3,1,0,0,0,0,0,0.1,0,11.3,13.5,7.4,5.3,6,4,67.9,75,57.8,0.8,1,0.3,WR,14.9,5900,0,7
Mike Evans,TB,0,0,0,0,0,0,0,0,0,0,0,0,0,0,0,0,0,0,0,0,0,0,0,0,0,0,0,11.2,14.3,9.1,5.8,7,5,78.5,91,69,0.6,1,0,WR,18.1,6700,0,4
Brandon LaFell,NE,0,0,0,0,0,0,0,0,0,0,0,0,0,0,0,0,0,0,0,0,0,0,0,0,0,0,0,10.5,13.5,8.5,5,6,4.1,67.1,91,53.3,0.6,1,0,WR,14.4,6100,0,15
Mike Wallace,MIA,0,0,0,0,0,0,0,0,0,0,0,0,0,0,0,0.2,0.5,0,0.8,2,0,0,0,0,0,0.1,0,10.4,12.5,8.6,4.7,5.3,4,59.3,70.2,42,0.8,1,0.4,WR,13.6,5200,true,32
Torrey Smith,BAL,0,0,0,0,0,0,0,0,0,0,0,0,0,0,0,0,0,0,0,0,0,0,0,0,0,0,0,10.1,12.5,8.1,4.2,5,3,58.2,65,48,0.7,1,0.3,WR,12.2,5700,0,16
Mohamed Sanu,CIN,0,0,0,0,0,0,0,0,0,0,0,0,0,0,0,0.4,0.8,0,1.7,3.1,0,0,0,0,0,0,0,10.1,12,7.5,4.3,5,3.7,54.3,60,49.7,0.7,1,0.4,WR,14.6,4800,true,13
Keenan Allen,SD,0,0,0,0,0,0,0,0,0,0,0,0,0,0,0,0,0,0,0,0,0,0,0,0,0,0.1,0,9.9,14,7.8,5.5,6,4.8,71.8,81,57,0.5,1,0,WR,14.9,7200,true,3
Jarvis Landry,MIA,0,0,0,0,0,0,0,0,0,0,0,0,0,0,0,0.1,0.2,0,0.3,1.1,0,0,0,0,0,0,0,9.7,13.5,7.3,5.6,6,4.9,63.2,91,51,0.6,1,0,WR,11.3,5600,true,32
Jeremy Maclin,PHI,0,0,0,0,0,0,0,0,0,0,0,0,0,0,0,0,0.1,0,0,0,0,0,0,0,0,0,0,9.5,14.7,6.5,5.6,7,4.1,77.4,103,57.3,0.3,1,0,WR,20.5,6800,true,1
Roddy White,ATL,0,0,0,0,0,0,0,0,0,0,0,0,0,0,0,0,0,0,0,0,0,0,0,0,0,0.1,0,9.5,12.8,7,5.5,6,4.8,67.9,91,48,0.5,1,0,WR,15.5,6200,0,18
Stedman Bailey,STL,0,0,0,0,0,0,0,0,0,0,0,0,0,0,0,0,0,0,0,0,0,0,0,0,0,0.1,0,9.3,13.4,6.8,4.4,6,3.2,66.2,93,49.7,0.4,1,0,WR,6.3,4300,0,21
Jordan Matthews,PHI,0,0,0,0,0,0,0,0,0,0,0,0,0,0,0,0,0,0,0,0,0,0,0,0,0,0,0,8.8,13.5,4.5,4.8,6,4,54.6,75,45,0.6,1,0,WR,14.2,5700,true,1
Marques Colston,NO,0,0,0,0,0,0,0,0,0,0,0,0,0,0,0,0,0,0,0,0,0,0,0,0,0,0.1,0,8.5,11.7,6.5,4.2,5,3,58.9,81,35,0.4,1,0,WR,10.6,4500,true,25
Andre Johnson,HOU,0,0,0,0,0,0,0,0,0,0,0,0,0,0,0,0,0,0,0,0,0,0,0,0,0,0.1,0,8.3,12.4,6.7,5.3,6,4.8,65.3,70,59.1,0.3,1,0,WR,12.2,5300,0,17
Julian Edelman,NE,0,0,0,0,0,0,0,0,0,0,0,0,0,0,0,0.5,1,0.1,3.6,7,1,0,0,0,0,0.1,0,8.2,9.7,6.5,6.5,8,5.2,70.2,82,60,0.1,0.4,0,WR,14.8,6300,0,15
Eric Decker,NYJ,0,0,0,0,0,0,0,0,0,0,0,0,0,0,0,0,0,0,0,0,0,0,0,0,0,0.1,0,8.1,12,5,4,5,3,48.3,60,28,0.6,1,0,WR,11.5,5000,0,11
Nate Washington,TEN,0,0,0,0,0,0,0,0,0,0,0,0,0,0,0,0,0,0,0,0,0,0,0,0,0,0,0,8.1,10.9,6.8,4.3,6,3,61.1,84,49,0.3,1,0,WR,7.3,4600,true,9
Steve Smith,BAL,0,0,0,0,0,0,0,0,0,0,0,0,0,0,0,0,0,0,0,0,0,0,0,0,0,0.1,0,7.7,12.5,5.2,4.3,5,4,59.7,65,52,0.3,1,0,WR,14.7,4300,0,16
Greg Jennings,MIN,0,0,0,0,0,0,0,0,0,0,0,0,0,0,0,0,0,0,0,0,0,0,0,0,0,0,0,7.5,11.9,5,3.9,5,3,42.5,59,19,0.6,1,0,WR,10.3,4100,true,20
Doug Baldwin,SEA,0,0,0,0,0,0,0,0,0,0,0,0,0,0,0,0,0.1,0,0,0,0,0,0,0,0,0,0,7.4,11.9,2.6,4,5,3,49.9,59,26,0.4,1,0,WR,9.6,4400,0,30
Charles Johnson,MIN,0,0,0,0,0,0,0,0,0,0,0,0,0,0,0,0,0,0,0,0,0,0,0,0,0,0.1,0,7.4,11.5,4,3.6,4,2.8,57.1,87,39.6,0.3,1,0,WR,6.1,4300,true,20
Donte Moncrief,IND,0,0,0,0,0,0,0,0,0,0,0,0,0,0,0,0.4,1,0,1.4,3,0,0,0,0,0,0.1,0,7.3,11.8,3.2,3,4,1.5,47.3,81,22.3,0.4,1,0,WR,7.4,4700,0,19
Robert Woods,BUF,0,0,0,0,0,0,0,0,0,0,0,0,0,0,0,0,0.1,0,0,0,0,0,0,0,0,0.1,0,7.2,10.1,5,4.7,5,3.9,56.2,68,40,0.3,1,0,WR,10.5,4500,0,14
Larry Fitzgerald,ARI,0,0,0,0,0,0,0,0,0,0,0,0,0,0,0,0,0,0,0,0,0,0,0,0,0,0,0,7.1,11.1,5,4.5,6,3.3,55.8,72,42,0.3,1,0,WR,12.9,5400,true,10
Michael Crabtree,SF,0,0,0,0,0,0,0,0,0,0,0,0,0,0,0,0,0.2,0,0.3,1.1,0,0,0,0,0,0,0,7.1,11.1,5,4,5,3,54.5,71,47,0.3,1,0,WR,11.1,4900,0,7
Pierre Garcon,WAS,0,0,0,0,0,0,0,0,0,0,0,0,0,0,0,0,0.1,0,0.3,1,0,0,0,0,0,0,0,7,13.5,3.4,4.3,6,3.4,55,75,34,0.2,1,0,WR,10.1,4000,true,28
Sammy Watkins,BUF,0,0,0,0,0,0,0,0,0,0,0,0,0,0,0,0.1,0.2,0,0.2,1,-0.1,0,0,0,0,0,0,6.9,9.5,4.1,4.3,5,3,58,66.2,41,0.2,0.5,0,WR,13.3,5800,0,14
Davante Adams,GB,0,0,0,0,0,0,0,0,0,0,0,0,0,0,0,0,0,0,0,0,0,0,0,0,0,0,0,6.8,11.2,4.5,3.6,4,3,50.9,70,38.9,0.3,1,0,WR,8.1,4200,true,27
John Brown,ARI,0,0,0,0,0,0,0,0,0,0,0,0,0,0,0,0.2,0.5,0,1.2,3,0,0,0,0,0,0,0,6.8,12.5,4.1,3.6,5,3,52.5,65,41,0.2,1,0,WR,10.7,4500,true,10
Reggie Wayne,IND,0,0,0,0,0,0,0,0,0,0,0,0,0,0,0,0,0,0,0,0,0,0,0,0,0,0,0,6.7,8.3,5.2,4.4,5,3.8,57.7,72,52,0.2,0.4,0,WR,12.1,4800,0,19
Percy Harvin,NYJ,0,0,0,0,0,0,0,0,0,0,0,0,0,0,0,2.2,3,0.9,14,18.7,4.4,0,0.1,0,0,0.1,0,6.6,7.8,1.8,4.5,7,3,44.4,65,18,0.1,0.3,0,WR,9.9,5000,0,11
Malcom Floyd,SD,0,0,0,0,0,0,0,0,0,0,0,0,0,0,0,0,0,0,0,0,0,0,0,0,0,0,0,6.5,7.9,5,3.4,4,3,47.2,58.4,18,0.3,1,0,WR,11.2,4400,true,3
Vincent Jackson,TB,0,0,0,0,0,0,0,0,0,0,0,0,0,0,0,0,0.1,0,0,0,0,0,0,0,0,0.1,0,6.4,8.2,5.4,4.2,5,4,58,64,54,0.1,0.3,0,WR,11.4,4900,0,4
Andrew Hawkins,CLE,0,0,0,0,0,0,0,0,0,0,0,0,0,0,0,0,0,0,0.2,0.8,0,0,0,0,0,0,0,6.3,7.1,5.2,4.1,5,3.3,57.7,71,44.1,0.1,0.3,0,WR,12.7,4400,true,6
Michael Floyd,ARI,0,0,0,0,0,0,0,0,0,0,0,0,0,0,0,0,0.1,0,0.2,1,0,0,0,0,0,0.1,0,6.3,10.6,4,3.3,4,2.7,48,60,40,0.3,1,0,WR,9.2,4100,true,10
Rueben Randle,NYG,0,0,0,0,0,0,0,0,0,0,0,0,0,0,0,0,0,0,0,0,0,0,0,0,0,0,0,6.3,7.6,5.4,4.6,6,3.7,55.8,63,41.7,0.1,0.4,0,WR,11.0,4300,0,26
Marqise Lee,JAC,0,0,0,0,0,0,0,0,0,0,0,0,0,0,0,0.1,0.2,0,0.4,1.3,0,0,0,0,0,0.1,0,6.2,7.8,4.5,4.1,5,3,56.3,78,45,0.1,0.3,0,0,0,0,0,0
Cecil Shorts,JAC,0,0,0,0,0,0,0,0,0,0,0,0,0,0,0,0,0,0,0,0,0,0,0,0,0,0.1,0,6.1,7.1,4.8,3.9,5,2,45.3,55.2,9,0.3,1,0,0,0,0,0,0
Kenny Britt,STL,0,0,0,0,0,0,0,0,0,0,0,0,0,0,0,0,0.2,0,0.2,0.8,0,0,0,0,0,0.1,0,6,7.9,3.2,2.7,4,2,42.4,59,19,0.3,1,0,WR,8.3,3800,0,21
Allen Hurns,JAC,0,0,0,0,0,0,0,0,0,0,0,0,0,0,0,0,0,0,0,0,0,0,0,0,0,0.1,0,6,11.7,2.1,3.3,4,2,46.1,60,21,0.2,1,0,0,0,0,0,0
James Jones,OAK,0,0,0,0,0,0,0,0,0,0,0,0,0,0,0,0,0,0,0,0,0,0,0,0,0,0.1,0,5.7,10.3,3.8,4.1,6,3,43.4,50,38,0.2,1,0,WR,12.0,3700,true,5
Martavis Bryant,PIT,0,0,0,0,0,0,0,0,0,0,0,0,0,0,0,0,0,0,0,0,-0.2,0,0,0,0,0,0,5.6,7.4,3,2.7,4,2,48.4,64,30,0.1,0.4,0,WR,15.1,4800,0,2
Eddie Royal,SD,0,0,0,0,0,0,0,0,0,0,0,0,0,0,0,0.1,0.2,0,1.2,2.4,0,0,0,0,0,0,0,5.6,6.7,4.5,4,6,3.2,48.1,67,41,0.1,0.3,0,WR,11.3,4400,true,3
Harry Douglas,ATL,0,0,0,0,0,0,0,0,0,0,0,0,0,0,0,0,0,0,0,0,0,0,0,0,0,0.1,0,5.3,6.9,3,3.9,5,2.1,47.4,69,22.6,0.1,0.3,0,WR,9.4,4500,0,18
Terrance Williams,DAL,0,0,0,0,0,0,0,0,0,0,0,0,0,0,0,0.1,0.2,0,0.3,1,0,0,0,0,0,0,0,5.2,10.4,1.8,2.3,3,1,33.1,44,18,0.3,1,0,0,0,0,0,0
Dwayne Bowe,KC,0,0,0,0,0,0,0,0,0,0,0,0,0,0,0,0,0,0,0,0,0,0,0,0,0,0.1,0,5.1,6.8,2.4,3.9,4.4,3,46.1,55,24,0.1,0.3,0,WR,9.4,3600,0,22
Markus Wheaton,PIT,0,0,0,0,0,0,0,0,0,0,0,0,0,0,0,0.1,0.3,0,0.7,1.4,0,0,0,0,0,0.1,0,5.1,10.9,2.4,3.1,4,2.2,37,49,24,0.2,1,0,WR,8.8,3400,0,2
Derek Hagan,TEN,0,0,0,0,0,0,0,0,0,0,0,0,0,0,0,0,0,0,0,0,0,0,0,0,0,0,0,5.1,7.8,4,2.6,3,2,36.1,52,18,0.3,1,0,WR,2.2,3000,true,9
DeSean Jackson,WAS,0,0,0,0,0,0,0,0,0,0,0,0,0,0,0,0.1,0.3,0,0.8,2,0,0,0,0,0,0,0,4.6,9.7,0,2.3,6,0,37.2,97,0,0.1,0.4,0,WR,15.5,5800,true,28
Andre Holmes,OAK,0,0,0,0,0,0,0,0,0,0,0,0,0,0,0,0,0.1,0,0,0,0,0,0,0,0,0,0,4.6,6.1,3.2,3.2,4,3,40.3,48,32,0.1,0.3,0,WR,9.4,3500,true,5
Jermaine Kearse,SEA,0,0,0,0,0,0,0,0,0,0,0,0,0,0,0,0,0,0,0,0,0,0,0,0,0,0,0,4.5,6.6,3.1,2.9,3.2,2,40,48,27.5,0.1,0.3,0,WR,6.4,3400,0,30
Tavon Austin,STL,0,0,0,0,0,0,0,0,0,0,0,0,0,0,0,1.9,2,1.8,12.5,16,9.5,0.1,0.1,0,0,0,0,4.4,5.9,1.1,2.4,4,1.6,24.3,43,11,0.1,0.2,0,WR,6.3,3300,0,21
Andre Roberts,WAS,0,0,0,0,0,0,0,0,0,0,0,0,0,0,0,0.1,0.3,0,0.5,1.4,0,0,0,0,0,0.1,0,4.1,5.3,2.6,3.1,4,1.8,36.9,48,21,0.1,0.2,0,WR,6.4,3200,true,28
Philly Brown,CAR,0,0,0,0,0,0,0,0,0,0,0,0,0,0,0,0.1,0.3,0,1.2,3,0,0,0,0,0,0,0,4.1,7,2.5,2.4,4,1.6,34.8,70,19.2,0.1,0.2,0,WR,6.0,3000,0,29
Riley Cooper,PHI,0,0,0,0,0,0,0,0,0,0,0,0,0,0,0,0,0.1,0,0,0,0,0,0,0,0,0,0,3.8,5.3,2.9,2.9,4,1.9,33.3,43,20.2,0.1,0.2,0,WR,7.8,3200,true,1
Louis Murphy,TB,0,0,0,0,0,0,0,0,0,0,0,0,0,0,0,0,0,0,0,0,0,0,0,0,0,0.1,0,3.7,4.7,2.9,2.5,3,1.9,33.8,42,22.6,0.1,0.2,0,0,0,0,0,0
Jerricho Cotchery,CAR,0,0,0,0,0,0,0,0,0,0,0,0,0,0,0,0,0.1,0,0,0,0,0,0,0,0,0,0,3.6,5,2.4,2.3,3,1.9,31.6,44,22.4,0.1,0.2,0,WR,7.4,3000,0,29
Chris Hogan,BUF,0,0,0,0,0,0,0,0,0,0,0,0,0,0,0,0,0,0,0,0,0,0,0,0,0,0,0,3.5,5.2,0.5,3.1,4,0.4,30.2,50,4.3,0.1,0.3,0,WR,6.4,3800,0,14
Preston Parker,NYG,0,0,0,0,0,0,0,0,0,0,0,0,0,0,0,0,0,0,0,0,0,0,0,0,0,0,0,3.5,4.8,1,2.5,4,1,29.6,48,10,0.1,0.2,0,WR,5.5,3000,0,26
Brian Hartline,MIA,0,0,0,0,0,0,0,0,0,0,0,0,0,0,0,0,0,0,0,0,0,0,0,0,0,0,0,3.4,4.1,2.8,2.3,3,2,30.3,34,28,0.1,0.2,0,WR,6.2,3000,true,32
Devin Hester,ATL,0,0,0,0,0,0,0,0,0,0,0,0,0,0,0,0.4,1,0,2.7,7,0,0,0,0,0,0.1,0,3.4,3.8,2.8,2.3,3,1.7,27.7,38,20.5,0.1,0.1,0,WR,7.0,3000,0,18
Wes Welker,DEN,0,0,0,0,0,0,0,0,0,0,0,0,0,0,0,0,0,0,0,0,0,0,0,0,0,0,0,3.1,4.3,1.9,2.7,3.2,2,27,31.9,19,0.1,0.2,0,WR,7.6,3300,true,12
Steve Johnson,SF,0,0,0,0,0,0,0,0,0,0,0,0,0,0,0,0,0.1,0,0,0,0,0,0,0,0,0,0,3.1,4.5,1.2,2.1,3,1,26.3,33,12,0.1,0.2,0,0,0,0,0,0
Cole Beasley,DAL,0,0,0,0,0,0,0,0,0,0,0,0,0,0,0,0,0,0,0,0,0,0,0,0,0,0,0,3,4.2,2,2.2,3,1.6,26.8,39,15.4,0.1,0.2,0,0,0,0,0,0
Taylor Gabriel,CLE,0,0,0,0,0,0,0,0,0,0,0,0,0,0,0,0,0.1,0,0.1,0.2,0,0,0,0,0,0,0,2.9,4.7,0,1.7,2.4,0,25.2,35.7,0,0.1,0.2,0,WR,7.6,3000,true,6
Jarius Wright,MIN,0,0,0,0,0,0,0,0,0,0,0,0,0,0,0,0.1,0.2,0,0.6,1.3,0,0,0,0,0,0,0,2.7,3.5,1.3,1.9,3,1,23.8,35,13,0,0.1,0,WR,5.7,3000,true,20
Donnie Avery,KC,0,0,0,0,0,0,0,0,0,0,0,0,0,0,0,0,0,0,0,0,0,0,0,0,0,0,0,2.7,3.6,2,2,2.1,1.8,24.3,30.3,16.7,0,0.1,0,WR,6.3,3000,0,22
Nick Toon,NO,0,0,0,0,0,0,0,0,0,0,0,0,0,0,0,0,0,0,0,0,0,0,0,0,0,0,0,2.6,4.5,0.6,1.8,3,0.3,22,32,5.4,0.1,0.3,0,WR,4.2,3000,true,25
Kamar Aiken,BAL,0,0,0,0,0,0,0,0,0,0,0,0,0,0,0,0,0,0,0,0,0,0,0,0,0,0,0,2.5,5.8,0.7,1.9,4,0.4,23.7,58,4.8,0,0.1,0,WR,3.4,3000,0,16
Jeremy Kerley,NYJ,0,0,0,0,0,0,0,0,0,0,0,0,0,0,0,0.1,0.3,0,0.5,2,0,0,0,0,0,0,0,2.5,3.1,1.8,1.9,2,1.6,22.9,28,18,0,0.1,0,WR,6.3,3000,0,11
Marquess Wilson,CHI,0,0,0,0,0,0,0,0,0,0,0,0,0,0,0,0,0,0,0,0,0,0,0,0,0,0,0,2.2,3.5,0.7,1.7,2,1,19,23.8,7,0.1,0.2,0,0,0,0,0,0
Brandon Gibson,MIA,0,0,0,0,0,0,0,0,0,0,0,0,0,0,0,0,0,0,0,0,0,0,0,0,0,0,0,2.2,2.8,1.7,2,3,1.4,19.6,25,15.7,0,0.1,0,WR,4.4,3000,true,32
Jeremy Ross,DET,0,0,0,0,0,0,0,0,0,0,0,0,0,0,0,0,0,0,0,0,0,0,0,0,0,0,0,2.2,3.4,1.5,1.7,2.3,1,19.1,24,11.9,0,0.2,0,WR,4.4,3000,true,23
Kris Durham,TEN,0,0,0,0,0,0,0,0,0,0,0,0,0,0,0,0,0,0,0,0,0,0,0,0,0,0,0,2.2,4.6,0,1.4,3,0,17.8,36,0,0.1,0.3,0,WR,0.0,3000,true,9
Damaris Johnson,HOU,0,0,0,0,0,0,0,0,0,0,0,0,0,0,0,0.1,0.3,0,0.5,2,0,0,0,0,0,0,0,2.1,3.4,0.4,1.9,3,0.3,19.2,29,3.2,0,0.1,0,WR,4.3,3000,0,17
Jason Avant,KC,0,0,0,0,0,0,0,0,0,0,0,0,0,0,0,0,0,0,0,0,-0.1,0,0,0,0,0,0,2.1,2.7,1,1.9,3,1,20,27,10,0,0.1,0,WR,4.4,3000,0,22
Brice Butler,OAK,0,0,0,0,0,0,0,0,0,0,0,0,0,0,0,0,0,0,0,0,0,0,0,0,0,0,0,2,2.9,0.7,1.4,2,0.5,18.3,27,5.9,0,0.1,0,WR,4.9,3000,true,5
Cordarrelle Patterson,MIN,0,0,0,0,0,0,0,0,0,0,0,0,0,0,0,0.3,0.5,0,1.4,3,0,0,0,0,0,0,0,2,4.6,0,1.3,2.3,0,15.6,31,0,0.1,0.2,0,WR,7.6,3000,true,20
Ricardo Lockette,SEA,0,0,0,0,0,0,0,0,0,0,0,0,0,0,0,0,0.1,0,0.1,0.2,0,0,0,0,0,0,0,2,3.7,0.7,1.1,2,0.6,17.4,37,7,0,0.1,0,WR,3.1,3000,0,30
Brandon Lloyd,SF,0,0,0,0,0,0,0,0,0,0,0,0,0,0,0,0,0,0,0,0,0,0,0,0,0,0,0,1.9,3.2,0,1,2,0,16.7,32,0,0,0.1,0,WR,4.1,3000,0,7
Jaron Brown,ARI,0,0,0,0,0,0,0,0,0,0,0,0,0,0,0,0,0,0,0,0,0,0,0,0,0,0,0,1.9,3.4,0.5,1.4,2,0.4,16.8,34,4.2,0,0.1,0,WR,3.5,3000,true,10
James Wright,CIN,0,0,0,0,0,0,0,0,0,0,0,0,0,0,0,0.3,0.6,0,1.3,3.1,0,0,0,0,0,0,0,1.8,3.1,0,1.1,2,0,14.6,23,0,0,0.1,0,WR,1.6,3200,true,13
Danny Amendola,NE,0,0,0,0,0,0,0,0,0,0,0,0,0,0,0,0,0.1,0,0.3,1,0,0,0,0,0,0,0,1.8,2.8,0.4,1.3,1.8,1,14.6,21,4,0.1,0.1,0,WR,2.2,3000,0,15
Paul Richardson,SEA,0,0,0,0,0,0,0,0,0,0,0,0,0,0,0,0,0,0,0,0,0,0,0,0,0,0,0,1.6,3.4,0,1.2,2,0,14.4,28,0,0,0.1,0,WR,2.2,3000,0,30
Kenbrell Thompkins,OAK,0,0,0,0,0,0,0,0,0,0,0,0,0,0,0,0,0.2,0,0.3,1,0,0,0,0,0,0,0,1.6,2.5,0.4,1.1,2,0.3,15.2,25,3.8,0,0.1,0,WR,3.3,3000,true,5
Jacoby Jones,BAL,0,0,0,0,0,0,0,0,0,0,0,0,0,0,0,0.1,0.1,0,0.3,0.8,0,0,0,0,0,0,0,1.6,3.6,0.4,1.2,3,0.2,14.8,36,2.6,0,0,0,WR,1.6,3000,0,16
Joseph Morgan,NO,0,0,0,0,0,0,0,0,0,0,0,0,0,0,0,0.1,0.3,0,0.5,1.4,0,0,0,0,0,0,0,1.5,2.3,0.7,0.7,1,0.2,12.7,23,3.4,0,0.1,0,WR,3.9,3000,true,25
Lance Moore,PIT,0,0,0,0,0,0,0,0,0,0,0,0,0,0,0,0,0,0,0,0,0,0,0,0,0,0,0,1.5,2.2,0,1.1,2,0,12.5,19,0,0,0.1,0,WR,4.4,3000,0,2
Kendall Wright,TEN,0,0,0,0,0,0,0,0,0,0,0,0,0,0,0,0.1,0.2,0,0.5,1.4,0,0,0,0,0,0,0,1.5,8,0,0.8,4.9,0,10.2,56,0,0.1,0.4,0,WR,12.6,5400,true,9
Travis Benjamin,CLE,0,0,0,0,0,0,0,0,0,0,0,0,0,0,0,0.1,0.3,0,0.6,2,-0.1,0,0,0,0,0,0,1.4,2.5,0,0.7,1,0,10.3,18,0,0.1,0.1,0,WR,5.1,3000,true,6
Rod Streater,OAK,0,0,0,0,0,0,0,0,0,0,0,0,0,0,0,0,0,0,0,0,0,0,0,0,0,0,0,1.3,3.3,0,1.1,2.4,0,11.8,27.2,0,0,0.1,0,0,0,0,0,0
Hakeem Nicks,IND,0,0,0,0,0,0,0,0,0,0,0,0,0,0,0,0,0,0,0,0,0,0,0,0,0,0,0,1.3,2.7,0,0.9,1.4,0,11.3,21,0,0,0.1,0,WR,5.5,3000,0,19
Marlon Brown,BAL,0,0,0,0,0,0,0,0,0,0,0,0,0,0,0,0,0.1,0,0,0,0,0,0,0,0,0,0,1.3,2.9,0,0.9,2,0,10.8,21.7,0,0,0.1,0,WR,2.7,3000,0,16
Corey Fuller,DET,0,0,0,0,0,0,0,0,0,0,0,0,0,0,0,0,0,0,0,0,0,0,0,0,0,0,0,1.2,3.3,0,0.7,1.5,0,9.2,21.7,0,0.1,0.2,0,WR,3.4,3000,true,23
Vincent Brown,OAK,0,0,0,0,0,0,0,0,0,0,0,0,0,0,0,0,0,0,0,0,0,0,0,0,0,0,0,1.2,2.8,0.2,0.8,1.7,0.2,10.9,23.7,2,0,0.1,0,WR,3.4,3000,true,5
Santana Moss,WAS,0,0,0,0,0,0,0,0,0,0,0,0,0,0,0,0,0,0,0,0,0,0,0,0,0,0,0,1.2,3.4,0,0.9,3,0,10.8,34,0,0,0.1,0,WR,1.0,3000,true,28
Keshawn Martin,HOU,0,0,0,0,0,0,0,0,0,0,0,0,0,0,0,0,0,0,0,0,0,0,0,0,0,0,0,1.1,1.5,0.6,0.8,1,0.3,10,15,4.2,0,0,0,WR,1.0,3000,0,17
Andre Caldwell,DEN,0,0,0,0,0,0,0,0,0,0,0,0,0,0,0,0,0,0,0,0,0,0,0,0,0,0,0,0.9,1.4,0.1,0.6,1,0.1,7.6,13,0.6,0,0.1,0,WR,0.8,3000,true,12
Ted Ginn Jr.,ARI,0,0,0,0,0,0,0,0,0,0,0,0,0,0,0,0,0.1,0,0.2,0.7,0,0,0,0,0,0,0,0.9,2,0,0.6,1,0,8.5,20,0,0,0,0,WR,2.9,3100,true,10
Ryan Grant,WAS,0,0,0,0,0,0,0,0,0,0,0,0,0,0,0,0,0,0,0,0,0,0,0,0,0,0,0,0.8,1.7,0,0.6,1,0,6.7,11,0,0,0.1,0,WR,0.9,3000,true,28
Albert Wilson,KC,0,0,0,0,0,0,0,0,0,0,0,0,0,0,0,0,0,0,0,0,0,0,0,0,0,0,0,0.8,1.9,0,0.6,1.1,0,6.6,13,0,0,0.1,0,WR,1.1,3000,0,22
Rishard Matthews,MIA,0,0,0,0,0,0,0,0,0,0,0,0,0,0,0,0,0,0,0,0,0,0,0,0,0,0,0,0.8,1.3,0,0.6,1,0,7.1,13,0,0,0,0,WR,2.6,3000,true,32
Jeff Janis,GB,0,0,0,0,0,0,0,0,0,0,0,0,0,0,0,0,0,0,0,0,0,0,0,0,0,0,0,0.7,2.1,0,0.4,1.1,0,6.1,18.2,0,0,0.1,0,WR,1.2,3000,true,27
Robert Herron,TB,0,0,0,0,0,0,0,0,0,0,0,0,0,0,0,0,0,0,0,0.1,0,0,0,0,0,0,0,0.7,1.6,0,0.6,1.3,0,6.8,16,0,0,0,0,WR,2.2,3000,0,4
Brenton Bersin,CAR,0,0,0,0,0,0,0,0,0,0,0,0,0,0,0,0,0,0,0,0,0,0,0,0,0,0,0,0.7,1.2,0.3,0.6,1,0.2,6.4,12,2.5,0,0,0,WR,2.7,3000,0,29
Mike Williams,BUF,0,0,0,0,0,0,0,0,0,0,0,0,0,0,0,0,0,0,0,0,0,0,0,0,0,0,0,0.7,1.5,0,0.5,1,0,5.3,12,0,0,0.1,0,WR,3.1,3000,0,14
Rico Richardson,TEN,0,0,0,0,0,0,0,0,0,0,0,0,0,0,0,0,0,0,0,0,0,0,0,0,0,0,0,0.7,0.7,0.7,0.3,0.3,0.3,4.3,4.3,4.3,0,0,0,0,0,0,0,0
Brandon Tate,CIN,0,0,0,0,0,0,0,0,0,0,0,0,0,0,0,0,0,0,0.1,0.2,0,0,0,0,0,0,0,0.6,2.4,0,0.5,1.6,0,5.5,19.5,0,0,0.1,0,WR,3.1,3000,true,13
Jarrett Boykin,GB,0,0,0,0,0,0,0,0,0,0,0,0,0,0,0,0,0,0,0,0,0,0,0,0,0,0,0,0.6,1.8,0,0.3,0.9,0,4.1,12,0,0,0.1,0,WR,0.6,3000,true,27
Rashad Ross,WAS,0,0,0,0,0,0,0,0,0,0,0,0,0,0,0,0,0,0,0,0,0,0,0,0,0,0,0,0.6,0.6,0.6,0.4,0.4,0.4,4.5,4.5,4.5,0,0,0,0,0,0,0,0
Chris Williams,CHI,0,0,0,0,0,0,0,0,0,0,0,0,0,0,0,0,0,0,0,0,0,0,0,0,0,0,0,0.6,0.6,0.6,0.4,0.4,0.4,4.5,4.5,4.5,0,0,0,0,0,0,0,0
Kevin Ogletree,NYG,0,0,0,0,0,0,0,0,0,0,0,0,0,0,0,0,0,0,0,0,0,0,0,0,0,0,0,0.5,0.8,0,0.5,1,0,4.5,8,0,0,0,0,WR,1.5,3000,0,26
T.J. Graham,NYJ,0,0,0,0,0,0,0,0,0,0,0,0,0,0,0,0,0,0,0,0,0,0,0,0,0,0,0,0.5,1.3,0,0.3,1,0,4.6,13,0,0,0,0,WR,2.0,3000,0,11
Justin Brown,PIT,0,0,0,0,0,0,0,0,0,0,0,0,0,0,0,0,0,0,0,0,0,0,0,0,0,0,0,0.5,1.4,0,0.4,1.1,0,3.2,9.5,0,0,0.1,0,WR,2.6,3000,0,2
Frankie Hammond,KC,0,0,0,0,0,0,0,0,0,0,0,0,0,0,0,0,0,0,0,0,0,0,0,0,0,0,0,0.5,1.2,0,0.4,1,0,4.4,12,0,0,0,0,0,0,0,0,0
Chris Givens,STL,0,0,0,0,0,0,0,0,0,0,0,0,0,0,0,0,0.1,0,0,0,0,0,0,0,0,0,0,0.4,0.9,0,0.3,0.8,0,3.9,9.1,0,0,0,0,WR,1.8,3000,0,21
Denarius Moore,OAK,0,0,0,0,0,0,0,0,0,0,0,0,0,0,0,0,0,0,0,0,0,0,0,0,0,0,0,0.4,1.3,0,0.3,1.1,0,4.1,13.3,0,0,0,0,WR,2.3,3000,true,5
Dwayne Harris,DAL,0,0,0,0,0,0,0,0,0,0,0,0,0,0,0,0.1,0.3,0,0.5,1.5,0,0,0,0,0,0,0,0.4,0.9,0,0.2,0.4,0,2.4,5.8,0,0,0.1,0,0,0,0,0,0
Brian Tyms,NE,0,0,0,0,0,0,0,0,0,0,0,0,0,0,0,0,0,0,0,0,0,0,0,0,0,0,0,0.4,0.8,0,0.2,0.5,0,2.5,6.2,0,0,0.1,0,WR,1.6,3000,0,15
Robert Meachem,NO,0,0,0,0,0,0,0,0,0,0,0,0,0,0,0,0,0,0,0,0,0,0,0,0,0,0,0,0.4,1.1,0,0.2,0.5,0,2.8,8.3,0,0,0,0,WR,1.7,3000,true,25
Eric Weems,ATL,0,0,0,0,0,0,0,0,0,0,0,0,0,0,0,0,0,0,0,0,0,0,0,0,0,0,0,0.3,1,0,0.2,0.6,0,2.6,6.5,0,0,0.1,0,WR,1.5,3000,0,18
Russell Shepard,TB,0,0,0,0,0,0,0,0,0,0,0,0,0,0,0,0,0,0,0,0,0,0,0,0,0,0,0,0.3,0.7,0,0.2,0.5,0,3,6.1,0,0,0,0,WR,0.4,3000,0,4
Junior Hemingway,KC,0,0,0,0,0,0,0,0,0,0,0,0,0,0,0,0,0,0,0,0,0,0,0,0,0,0,0,0.3,1,0,0.3,1,0,3.1,10,0,0,0,0,WR,2.1,3000,0,22
Bruce Ellington,SF,0,0,0,0,0,0,0,0,0,0,0,0,0,0,0,0,0,0,0.1,0.1,0.1,0,0,0,0,0,0,0.3,0.9,0,0.1,0.4,0,2.2,6.7,0,0,0,0,WR,2.0,3000,0,7
Kevin Norwood,SEA,0,0,0,0,0,0,0,0,0,0,0,0,0,0,0,0,0,0,0,0,0,0,0,0,0,0,0,0.3,0.9,0,0.2,0.5,0,2.5,6.9,0,0,0,0,WR,1.4,3000,0,30
Teddy Williams,JAC,0,0,0,0,0,0,0,0,0,0,0,0,0,0,0,0,0,0,0,0,0,0,0,0,0,0,0,0.3,0.3,0.3,0.2,0.2,0.2,2.2,2.2,2.2,0,0,0,0,0,0,0,0
Marquise Goodwin,BUF,0,0,0,0,0,0,0,0,0,0,0,0,0,0,0,0,0,0,0,0.1,0,0,0,0,0,0,0,0.3,0.7,0,0.2,0.4,0,2.2,5.6,0,0,0,0,WR,0.7,3000,0,14
Ace Sanders,JAC,0,0,0,0,0,0,0,0,0,0,0,0,0,0,0,0,0,0,0,0,0,0,0,0,0,0,0,0.3,0.7,0,0.2,0.4,0,2.3,5.7,0,0,0,0,0,0,0,0,0
DeVier Posey,HOU,0,0,0,0,0,0,0,0,0,0,0,0,0,0,0,0,0,0,0,0,0,0,0,0,0,0,0,0.2,0.7,0,0.1,0.4,0,1.8,5.5,0,0,0,0,WR,0.0,3000,0,17
Corey Washington,NYG,0,0,0,0,0,0,0,0,0,0,0,0,0,0,0,0,0,0,0,0,0,0,0,0,0,0,0,0.2,0.6,0,0.1,0.3,0,1.8,4.4,0,0,0,0,WR,1.3,3000,0,26
Devin Street,DAL,0,0,0,0,0,0,0,0,0,0,0,0,0,0,0,0,0,0,0,0,0,0,0,0,0,0,0,0.2,0.6,0,0.2,0.4,0,1.8,4.4,0,0,0,0,0,0,0,0,0
Chris Owusu,NYJ,0,0,0,0,0,0,0,0,0,0,0,0,0,0,0,0,0,0,0,0,0,0,0,0,0,0,0,0.2,0.7,0,0.1,0.4,0,1.5,4.5,0,0,0,0,0,0,0,0,0
Matt Slater,NE,0,0,0,0,0,0,0,0,0,0,0,0,0,0,0,0,0,0,0,0,0,0,0,0,0,0,0,0.2,0.7,0,0.1,0.4,0,1.4,4.2,0,0,0,0,0,0,0,0,0
Josh Morgan,CHI,0,0,0,0,0,0,0,0,0,0,0,0,0,0,0,0,0,0,0,0,0,0,0,0,0,0,0,0.2,0.4,0,0.2,0.3,0,1.8,3.1,0,0,0,0,0,0,0,0,0
Seyi Ajirotutu,SD,0,0,0,0,0,0,0,0,0,0,0,0,0,0,0,0,0,0,0,0,0,0,0,0,0,0,0,0.2,0.4,0,0.1,0.2,0,1.7,3,0,0,0,0,WR,0.3,3000,true,3
Marlon Moore,CLE,0,0,0,0,0,0,0,0,0,0,0,0,0,0,0,0,0,0,0,0,0,0,0,0,0,0,0,0.2,0.6,0,0.1,0.4,0,1.5,4.5,0,0,0,0,WR,0.0,3000,true,6
Quinton Patton,SF,0,0,0,0,0,0,0,0,0,0,0,0,0,0,0,0,0,0,0,0,0,0,0,0,0,0,0,0.2,0.6,0,0.1,0.4,0,1.7,5,0,0,0,0,WR,0.0,3000,0,7
Josh Cribbs,IND,0,0,0,0,0,0,0,0,0,0,0,0,0,0,0,0,0,0,0,0,0,0,0,0,0,0,0,0.2,0.6,0,0.1,0.3,0,1.4,4.3,0,0,0,0,WR,0.0,3000,0,19
Saalim Hakim,NYJ,0,0,0,0,0,0,0,0,0,0,0,0,0,0,0,0,0,0,0,0,0,0,0,0,0,0,0,0.2,0.6,0,0.1,0.4,0,1.6,4.7,0,0,0,0,WR,0.0,3000,0,11
Walt Powell,NYJ,0,0,0,0,0,0,0,0,0,0,0,0,0,0,0,0,0,0,0,0,0,0,0,0,0,0,0,0.2,0.6,0,0.1,0.4,0,1.6,4.7,0,0,0,0,WR,-0.3,3000,0,11
Jalen Saunders,NO,0,0,0,0,0,0,0,0,0,0,0,0,0,0,0,0,0,0,0,0,0,0,0,0,0,0,0,0.2,0.6,0,0.1,0.4,0,1.6,4.7,0,0,0,0,WR,-0.2,3000,true,25
Marcus Easley,BUF,0,0,0,0,0,0,0,0,0,0,0,0,0,0,0,0,0,0,0,0,0,0,0,0,0,0,0,0.2,0.6,0,0.1,0.4,0,1.5,4.6,0,0,0,0,WR,0.0,3000,0,14
Cody Latimer,DEN,0,0,0,0,0,0,0,0,0,0,0,0,0,0,0,0,0,0,0,0,0,0,0,0,0,0,0,0.2,0.5,0,0.1,0.3,0,1.3,3.3,0,0,0,0,WR,0.3,3000,true,12
Jeff Maehl,PHI,0,0,0,0,0,0,0,0,0,0,0,0,0,0,0,0,0,0,0,0,0,0,0,0,0,0,0,0.2,0.5,0,0.2,0.5,0,1.4,4.2,0,0,0,0,WR,1.4,3000,true,1
Adam Thielen,MIN,0,0,0,0,0,0,0,0,0,0,0,0,0,0,0,0,0,0,0,0,0,0,0,0,0,0,0,0.1,0.4,0,0.1,0.2,0,1.2,3.6,0,0,0,0,WR,0.8,3000,true,20
Ryan Broyles,DET,0,0,0,0,0,0,0,0,0,0,0,0,0,0,0,0,0,0,0,0,0,0,0,0,0,0,0,0.1,0.4,0,0.1,0.2,0,1,3.1,0,0,0,0,WR,0.9,3000,true,23
Dane Sanzenbacher,CIN,0,0,0,0,0,0,0,0,0,0,0,0,0,0,0,0,0,0,0,0,0,0,0,0,0,0,0,0.1,0.4,0,0.1,0.4,0,1.2,3.5,0,0,0,0,WR,1.8,3000,true,13
Brad Smith,PHI,0,0,0,0,0,0,0,0,0,0,0,0,0,0,0,0,0,0,0,0,0,0,0,0,0,0,0,0.1,0.3,0,0.1,0.2,0,0.6,2.4,0,0,0,0,WR,0.2,3000,true,1
Aldrick Robinson,WAS,0,0,0,0,0,0,0,0,0,0,0,0,0,0,0,0,0,0,0,0,0,0,0,0,0,0,0,0,0.1,0,0,0.1,0,0.4,1.2,0,0,0,0,WR,0.3,3000,true,28
De'Andre Presley,CAR,0,0,0,0,0,0,0,0,0,0,0,0,0,0,0,0,0,0,0.2,0.2,0.2,0,0,0,0,0,0,0,0,0,0,0,0,0,0,0,0,0,0,WR,-0.2,3000,0,29
Isaiah Burse,DEN,0,0,0,0,0,0,0,0,0,0,0,0,0,0,0,0,0,0,0,0,0,0,0,0,0,0,0,0,0,0,0,0,0,0.1,0.2,0,0,0,0,WR,-0.1,3000,true,12
A.J. Jenkins,KC,0,0,0,0,0,0,0,0,0,0,0,0,0,0,0,0,0,0,0,0,0,0,0,0,0,0,0,0,0,0,0,0,0,0,0,0,0,0,0,0,0,0,0,0
Jeremy Butler,BAL,0,0,0,0,0,0,0,0,0,0,0,0,0,0,0,0,0,0,0,0,0,0,0,0,0,0,0,0,0,0,0,0,0,0,0,0,0,0,0,0,0,0,0,0
Marcus Harris,NYG,0,0,0,0,0,0,0,0,0,0,0,0,0,0,0,0,0,0,0,0,0,0,0,0,0,0,0,0,0,0,0,0,0,0,0,0,0,0,0,0,0,0,0,0
Rodney Smith,CLE,0,0,0,0,0,0,0,0,0,0,0,0,0,0,0,0,0,0,0,0,0,0,0,0,0,0,0,0,0,0,0,0,0,0,0,0,0,0,0,WR,0.0,3000,true,6
Plaxico Burress,FA,0,0,0,0,0,0,0,0,0,0,0,0,0,0,0,0,0,0,0,0,0,0,0,0,0,0,0,0,0,0,0,0,0,0,0,0,0,0,0,0,0,0,0,0
Taylor Price,SEA,0,0,0,0,0,0,0,0,0,0,0,0,0,0,0,0,0,0,0,0,0,0,0,0,0,0,0,0,0,0,0,0,0,0,0,0,0,0,0,0,0,0,0,0
Brandon Stokley,BAL,0,0,0,0,0,0,0,0,0,0,0,0,0,0,0,0,0,0,0,0,0,0,0,0,0,0,0,0,0,0,0,0,0,0,0,0,0,0,0,0,0,0,0,0
Micheal Spurlock,CHI,0,0,0,0,0,0,0,0,0,0,0,0,0,0,0,0,0,0,0,0,0,0,0,0,0,0,0,0,0,0,0,0,0,0,0,0,0,0,0,0,0,0,0,0
Arrelious Benn,PHI,0,0,0,0,0,0,0,0,0,0,0,0,0,0,0,0,0,0,0,0,0,0,0,0,0,0,0,0,0,0,0,0,0,0,0,0,0,0,0,0,0,0,0,0
Marc Mariani,CHI,0,0,0,0,0,0,0,0,0,0,0,0,0,0,0,0,0,0,0,0,0,0,0,0,0,0,0,0,0,0,0,0,0,0,0,0,0,0,0,0,0,0,0,0
Kyle Williams,KC,0,0,0,0,0,0,0,0,0,0,0,0,0,0,0,0,0,0,0,0,0,0,0,0,0,0,0,0,0,0,0,0,0,0,0,0,0,0,0,0,0,0,0,0
TJ Jones,DET,0,0,0,0,0,0,0,0,0,0,0,0,0,0,0,0,0,0,0,0,0,0,0,0,0,0,0,0,0,0,0,0,0,0,0,0,0,0,0,0,0,0,0,0
Dontrelle Inman,SD,0,0,0,0,0,0,0,0,0,0,0,0,0,0,0,0,0,0,0,0,0,0,0,0,0,0,0,0,0,0,0,0,0,0,0,0,0,0,0,WR,0.0,3000,true,3
Michael Preston,TEN,0,0,0,0,0,0,0,0,0,0,0,0,0,0,0,0,0,0,0,0,0,0,0,0,0,0,0,0,0,0,0,0,0,0,0,0,0,0,0,0,0,0,0,0
Courtney Roby,ATL,0,0,0,0,0,0,0,0,0,0,0,0,0,0,0,0,0,0,0,0,0,0,0,0,0,0,0,0,0,0,0,0,0,0,0,0,0,0,0,0,0,0,0,0
Quincy Enunwa,NYJ,0,0,0,0,0,0,0,0,0,0,0,0,0,0,0,0,0,0,0,0,0,0,0,0,0,0,0,0,0,0,0,0,0,0,0,0,0,0,0,0,0,0,0,0
Tommy Streeter,JAC,0,0,0,0,0,0,0,0,0,0,0,0,0,0,0,0,0,0,0,0,0,0,0,0,0,0,0,0,0,0,0,0,0,0,0,0,0,0,0,0,0,0,0,0
Leonard Hankerson,WAS,0,0,0,0,0,0,0,0,0,0,0,0,0,0,0,0,0,0,0,0,0,0,0,0,0,0,0,0,0,0,0,0,0,0,0,0,0,0,0,WR,0.0,3000,true,28
Justin Blackmon,JAC,0,0,0,0,0,0,0,0,0,0,0,0,0,0,0,0,0,0,0,0,0,0,0,0,0,0,0,0,0,0,0,0,0,0,0,0,0,0,0,0,0,0,0,0
Greg Little,CIN,0,0,0,0,0,0,0,0,0,0,0,0,0,0,0,0,0,0,0,0,0,0,0,0,0,0,0,0,0,0,0,0,0,0,0,0,0,0,0,WR,2.8,3000,true,13
Greg Jenkins,OAK,0,0,0,0,0,0,0,0,0,0,0,0,0,0,0,0,0,0,0,0,0,0,0,0,0,0,0,0,0,0,0,0,0,0,0,0,0,0,0,0,0,0,0,0
Mike Thomas,HOU,0,0,0,0,0,0,0,0,0,0,0,0,0,0,0,0,0,0,0,0,0,0,0,0,0,0,0,0,0,0,0,0,0,0,0,0,0,0,0,0,0,0,0,0
Mario Manningham,NYG,0,0,0,0,0,0,0,0,0,0,0,0,0,0,0,0,0,0,0,0,0,0,0,0,0,0,0,0,0,0,0,0,0,0,0,0,0,0,0,0,0,0,0,0
Da'Rick Rogers,IND,0,0,0,0,0,0,0,0,0,0,0,0,0,0,0,0,0,0,0,0,0,0,0,0,0,0,0,0,0,0,0,0,0,0,0,0,0,0,0,0,0,0,0,0
Michael Campanaro,BAL,0,0,0,0,0,0,0,0,0,0,0,0,0,0,0,0,0,0,0,0,0,0,0,0,0,0,0,0,0,0,0,0,0,0,0,0,0,0,0,0,0,0,0,0
Josh Huff,PHI,0,0,0,0,0,0,0,0,0,0,0,0,0,0,0,0.1,0.1,0,0.3,0.8,0,0,0,0,0.3,1,0,-0.3,1,-2,0.3,0.6,0,3.4,8,0,0,0,0,WR,2.1,3000,true,1
Darrius Heyward-Bey,PIT,0,0,0,0,0,0,0,0,0,0,0,0,0,0,0,0,0,0,0,0,0,0,0,0,0.3,1,0,-0.5,0.4,-2,0.1,0.3,0,1.5,3.3,0,0,0,0,WR,0.4,3000,0,2
