position,name,salary,GameInfo,games,points,avg,projected-high,ppd,appd,projected,projected-low,id,team
C,Adam Henrique,4500,Min@NJ 07:00PM ET,,,3.042,0,0,0.676,0,0,1,cow
C,Aleksander Barkov,3100,SJ@Fla 07:30PM ET,,,0.955,0,0,0.3080645161,0,0,2,cow
C,Alex Galchenyuk,4100,Wpg@Mon 07:30PM ET,,,2.793,0,0,0.6812195122,0,0,3,cow
C,Alexander Wennberg,2500,Cls@Was 07:00PM ET,,,1.038,0,0,0.4152,0,0,4,cow
C,Anders Lee,2900,Col@NYI 07:00PM ET,,,1.375,0,0,0.474137931,0,0,5,cow
C,Andrew Desjardins,2500,SJ@Fla 07:30PM ET,,,0.781,0,0,0.3124,0,0,6,cow
C,Andrew Shaw,3600,TB@Chi 08:30PM ET,,,2.233,0,0,0.6202777778,0,0,7,cow
C,Antoine Vermette,4800,Dal@Ari 09:00PM ET,,,2.657,0,0,0.5535416667,0,0,8,cow
C,Bo Horvat,2500,Ott@Van 10:00PM ET,,,0.875,0,0,0.35,0,0,9,cow
C,Boone Jenner,3600,Cls@Was 07:00PM ET,,,3.333,0,0,0.9258333333,0,0,10,cow
C,Boyd Gordon,3300,Edm@Nsh 08:00PM ET,,,2.033,0,0,0.6160606061,0,0,11,cow
C,Brad Richards,5200,TB@Chi 08:30PM ET,,,2.567,0,0,0.4936538462,0,0,12,cow
C,Brad Richardson,2600,Ott@Van 10:00PM ET,,,1.969,0,0,0.7573076923,0,0,13,cow
C,Brandon Sutter,4300,Pit@NYR 07:00PM ET,,,3.154,0,0,0.7334883721,0,0,14,cow
C,Brian Boyle,3300,TB@Chi 08:30PM ET,,,2.667,0,0,0.8081818182,0,0,15,cow
C,Brian Flynn,2500,Buf@StL 08:00PM ET,,,1.063,0,0,0.4252,0,0,16,cow
C,Brian Gibbons,2700,Cls@Was 07:00PM ET,,,2.125,0,0,0.787037037,0,0,17,cow
C,Brock Nelson,5000,Col@NYI 07:00PM ET,,,4,0,0,0.8,0,0,18,cow
C,Brooks Laich,2800,Cls@Was 07:00PM ET,,,0.833,0,0,0.2975,0,0,19,cow
C,Bryan Little,4700,Wpg@Mon 07:30PM ET,,,3.133,0,0,0.6665957447,0,0,20,cow
C,Calle Jarnkrok,2500,Edm@Nsh 08:00PM ET,,,0.583,0,0,0.2332,0,0,21,cow
C,Casey Cizikas,2500,Col@NYI 07:00PM ET,,,0.846,0,0,0.3384,0,0,22,cow
C,Cedric Paquette,2500,TB@Chi 08:30PM ET,,,2.643,0,0,1.0572,0,0,23,cow
C,Charlie Coyle,3900,Min@NJ 07:00PM ET,,,2.5,0,0,0.641025641,0,0,24,cow
C,Cody Eakin,3300,Dal@Ari 09:00PM ET,,,2.115,0,0,0.6409090909,0,0,25,cow
C,Cody Hodgson,3600,Buf@StL 08:00PM ET,,,1.188,0,0,0.33,0,0,26,cow
C,Cody McCormick,2500,Buf@StL 08:00PM ET,,,1.094,0,0,0.4376,0,0,27,cow
C,Colin Wilson,3100,Edm@Nsh 08:00PM ET,,,1.643,0,0,0.53,0,0,28,cow
C,Colton Sceviour,2800,Dal@Ari 09:00PM ET,,,1.154,0,0,0.4121428571,0,0,29,cow
C,Craig Smith,4800,Edm@Nsh 08:00PM ET,,,2.75,0,0,0.5729166667,0,0,30,cow
C,Curtis Lazar,4000,Ott@Van 10:00PM ET,,,1.731,0,0,0.43275,0,0,31,cow
C,Dana Tyrell,2500,Cls@Was 07:00PM ET,,,0.5,0,0,0.2,0,0,32,cow
C,Daniel Briere,3100,Col@NYI 07:00PM ET,,,1.292,0,0,0.4167741935,0,0,33,cow
C,David Backes,4900,Buf@StL 08:00PM ET,,,2.615,0,0,0.5336734694,0,0,34,cow
C,David Desharnais,3400,Wpg@Mon 07:30PM ET,,,1.813,0,0,0.5332352941,0,0,35,cow
C,David Legwand,3400,Ott@Van 10:00PM ET,,,1.714,0,0,0.5041176471,0,0,36,cow
C,Derek MacKenzie,2500,SJ@Fla 07:30PM ET,,,1.458,0,0,0.5832,0,0,37,cow
C,Derek Roy,3500,Edm@Nsh 08:00PM ET,,,2.193,0,0,0.6265714286,0,0,38,cow
C,Derek Stepan,4800,Pit@NYR 07:00PM ET,,,1.75,0,0,0.3645833333,0,0,39,cow
C,Derick Brassard,4900,Pit@NYR 07:00PM ET,,,3.286,0,0,0.6706122449,0,0,40,cow
C,Dominic Moore,2900,Pit@NYR 07:00PM ET,,,1.75,0,0,0.6034482759,0,0,41,cow
C,Erik Haula,2500,Min@NJ 07:00PM ET,,,1.125,0,0,0.45,0,0,42,cow
C,Evgeni Malkin,8000,Pit@NYR 07:00PM ET,,,4.477,0,0,0.559625,0,0,43,cow
C,Evgeny Kuznetsov,3900,Cls@Was 07:00PM ET,,,1.823,0,0,0.4674358974,0,0,44,cow
C,Frans Nielsen,4700,Col@NYI 07:00PM ET,,,3.479,0,0,0.740212766,0,0,45,cow
C,Henrik Sedin,4000,Ott@Van 10:00PM ET,,,2.938,0,0,0.7345,0,0,46,cow
C,Jacob Josefson,2500,Min@NJ 07:00PM ET,,,1.244,0,0,0.4976,0,0,47,cow
C,James Sheppard,3300,SJ@Fla 07:30PM ET,,,2.3,0,0,0.696969697,0,0,48,cow
C,Jason Spezza,5300,Dal@Ari 09:00PM ET,,,3.229,0,0,0.609245283,0,0,49,cow
C,Jay Beagle,2500,Cls@Was 07:00PM ET,,,1.444,0,0,0.5776,0,0,50,cow
C,Jim Slater,2500,Wpg@Mon 07:30PM ET,,,0.533,0,0,0.2132,0,0,51,cow
C,Joakim Lindstrom,2500,Buf@StL 08:00PM ET,,,1.131,0,0,0.4524,0,0,52,cow
C,Joe Pavelski,7600,SJ@Fla 07:30PM ET,,,4.588,0,0,0.6036842105,0,0,53,cow
C,Joe Thornton,5200,SJ@Fla 07:30PM ET,,,3.281,0,0,0.6309615385,0,0,54,cow
C,Joe Vitale,2500,Dal@Ari 09:00PM ET,,,1.214,0,0,0.4856,0,0,55,cow
C,John Mitchell,2900,Col@NYI 07:00PM ET,,,1.667,0,0,0.5748275862,0,0,56,cow
C,John Tavares,7200,Col@NYI 07:00PM ET,,,4.336,0,0,0.6022222222,0,0,57,cow
C,Jonathan Toews,6100,TB@Chi 08:30PM ET,,,3.567,0,0,0.5847540984,0,0,58,cow
C,Jori Lehtera,3100,Buf@StL 08:00PM ET,,,2.679,0,0,0.8641935484,0,0,59,cow
C,Jussi Jokinen,3900,SJ@Fla 07:30PM ET,,,2.125,0,0,0.5448717949,0,0,60,cow
C,Kyle Brodziak,3200,Min@NJ 07:00PM ET,,,2.063,0,0,0.6446875,0,0,61,cow
C,Kyle Chipchura,2500,Dal@Ari 09:00PM ET,,,0.833,0,0,0.3332,0,0,62,cow
C,Kyle Turris,4700,Ott@Van 10:00PM ET,,,2.729,0,0,0.5806382979,0,0,63,cow
C,Lars Eller,3700,Wpg@Mon 07:30PM ET,,,2.1,0,0,0.5675675676,0,0,64,cow
C,Leon Draisaitl,3300,Edm@Nsh 08:00PM ET,,,1.5,0,0,0.4545454545,0,0,65,cow
C,Liam O'Brien,2500,Cls@Was 07:00PM ET,,,0.893,0,0,0.3572,0,0,66,cow
C,Logan Couture,7400,SJ@Fla 07:30PM ET,,,4.619,0,0,0.6241891892,0,0,67,cow
C,Manny Malhotra,2500,Wpg@Mon 07:30PM ET,,,0.833,0,0,0.3332,0,0,68,cow
C,Marcel Goc,2500,Pit@NYR 07:00PM ET,,,1.115,0,0,0.446,0,0,69,cow
C,Marcus Johansson,4800,Cls@Was 07:00PM ET,,,3,0,0,0.625,0,0,70,cow
C,Marcus Kruger,2600,TB@Chi 08:30PM ET,,,1.733,0,0,0.6665384615,0,0,71,cow
C,Mark Arcobello,3600,Edm@Nsh 08:00PM ET,,,2.2,0,0,0.6111111111,0,0,72,cow
C,Mark Scheifele,4100,Wpg@Mon 07:30PM ET,,,2.1,0,0,0.512195122,0,0,73,cow
C,Martin Hanzal,4300,Dal@Ari 09:00PM ET,,,2.5,0,0,0.5813953488,0,0,74,cow
C,Mathieu Perreault,3200,Wpg@Mon 07:30PM ET,,,1.413,0,0,0.4415625,0,0,75,cow
C,Matt Cullen,3300,Edm@Nsh 08:00PM ET,,,2.333,0,0,0.706969697,0,0,76,cow
C,Matt Duchene,5400,Col@NYI 07:00PM ET,,,3.2,0,0,0.5925925926,0,0,77,cow
C,Max Talbot,2700,Col@NYI 07:00PM ET,,,1.281,0,0,0.4744444444,0,0,78,cow
C,Maxim Lapierre,2500,Buf@StL 08:00PM ET,,,1.107,0,0,0.4428,0,0,79,cow
C,Michael Chaput,2500,Cls@Was 07:00PM ET,,,1.214,0,0,0.4856,0,0,80,cow
C,Michael Latta,2500,Cls@Was 07:00PM ET,,,0.417,0,0,0.1668,0,0,81,cow
C,Mika Zibanejad,3400,Ott@Van 10:00PM ET,,,1.55,0,0,0.4558823529,0,0,82,cow
C,Mikael Granlund,3700,Min@NJ 07:00PM ET,,,2.115,0,0,0.5716216216,0,0,83,cow
C,Mike Ribeiro,3900,Edm@Nsh 08:00PM ET,,,2.464,0,0,0.6317948718,0,0,84,cow
C,Mikhail Grabovski,3700,Col@NYI 07:00PM ET,,,2.5,0,0,0.6756756757,0,0,85,cow
C,Mikko Koivu,4900,Min@NJ 07:00PM ET,,,2.477,0,0,0.5055102041,0,0,86,cow
C,Nathan MacKinnon,6700,Col@NYI 07:00PM ET,,,3.45,0,0,0.5149253731,0,0,87,cow
C,Nick Bjugstad,4100,SJ@Fla 07:30PM ET,,,2.25,0,0,0.5487804878,0,0,88,cow
C,Nick Bonino,5300,Ott@Van 10:00PM ET,,,3.669,0,0,0.6922641509,0,0,89,cow
C,Nick Spaling,2900,Pit@NYR 07:00PM ET,,,1.385,0,0,0.4775862069,0,0,90,cow
C,Nicklas Backstrom,6000,Cls@Was 07:00PM ET,,,3.493,0,0,0.5821666667,0,0,91,cow
C,Olli Jokinen,2900,Edm@Nsh 08:00PM ET,,,1.107,0,0,0.3817241379,0,0,92,cow
C,Patrik Berglund,3200,Buf@StL 08:00PM ET,,,1.577,0,0,0.4928125,0,0,93,cow
C,Patrik Elias,3700,Min@NJ 07:00PM ET,,,1.767,0,0,0.4775675676,0,0,94,cow
C,Paul Gaustad,2500,Edm@Nsh 08:00PM ET,,,1.536,0,0,0.6144,0,0,95,cow
C,Paul Stastny,4600,Buf@StL 08:00PM ET,,,2.125,0,0,0.4619565217,0,0,96,cow
C,Peter Regin,2500,TB@Chi 08:30PM ET,,,1.25,0,0,0.5,0,0,97,cow
C,Ryan Carter,2500,Min@NJ 07:00PM ET,,,1.385,0,0,0.554,0,0,98,cow
C,Ryan Johansen,6500,Cls@Was 07:00PM ET,,,4.286,0,0,0.6593846154,0,0,99,cow
C,Ryan Nugent-Hopkins,5700,Edm@Nsh 08:00PM ET,,,3.385,0,0,0.5938596491,0,0,100,cow
C,Ryan Strome,3600,Col@NYI 07:00PM ET,,,2.214,0,0,0.615,0,0,101,cow
C,Sam Gagner,3900,Dal@Ari 09:00PM ET,,,1.836,0,0,0.4707692308,0,0,102,cow
C,Shawn Horcoff,2700,Dal@Ari 09:00PM ET,,,1.821,0,0,0.6744444444,0,0,103,cow
C,Shawn Matthias,2700,Ott@Van 10:00PM ET,,,1.313,0,0,0.4862962963,0,0,104,cow
C,Sidney Crosby,9200,Pit@NYR 07:00PM ET,,,6.054,0,0,0.6580434783,0,0,105,cow
C,Stephen Gionta,2700,Min@NJ 07:00PM ET,,,1.5,0,0,0.5555555556,0,0,106,cow
C,Steve Ott,2500,Buf@StL 08:00PM ET,,,0.464,0,0,0.1856,0,0,107,cow
C,Steven Stamkos,8800,TB@Chi 08:30PM ET,,,5,0,0,0.5681818182,0,0,108,cow
C,Tomas Plekanec,4700,Wpg@Mon 07:30PM ET,,,3.433,0,0,0.7304255319,0,0,109,cow
C,Travis Zajac,3200,Min@NJ 07:00PM ET,,,1.867,0,0,0.5834375,0,0,110,cow
C,Tyler Ennis,4700,Buf@StL 08:00PM ET,,,2.356,0,0,0.5012765957,0,0,111,cow
C,Tyler Johnson,6600,TB@Chi 08:30PM ET,,,4.6,0,0,0.696969697,0,0,112,cow
C,Tyler Seguin,8500,Dal@Ari 09:00PM ET,,,5.857,0,0,0.6890588235,0,0,113,cow
C,Valtteri Filppula,5300,TB@Chi 08:30PM ET,,,3.1,0,0,0.5849056604,0,0,114,cow
C,Vernon Fiddler,2700,Dal@Ari 09:00PM ET,,,1.714,0,0,0.6348148148,0,0,115,cow
C,Vincent Trocheck,2800,SJ@Fla 07:30PM ET,,,1.25,0,0,0.4464285714,0,0,116,cow
C,Vladislav Namestnikov,2700,TB@Chi 08:30PM ET,,,1.933,0,0,0.7159259259,0,0,117,cow
C,Zach Sill,2500,Pit@NYR 07:00PM ET,,,0.423,0,0,0.1692,0,0,118,cow
C,Zack Smith,2500,Ott@Van 10:00PM ET,,,1.286,0,0,0.5144,0,0,119,cow
C,Zemgus Girgensons,3700,Buf@StL 08:00PM ET,,,2.369,0,0,0.6402702703,0,0,120,cow
D,Aaron Ekblad,3800,SJ@Fla 07:30PM ET,,,2.292,0,0,0.6031578947,0,0,121,cow
D,Adam Larsson,2700,Min@NJ 07:00PM ET,,,1.438,0,0,0.5325925926,0,0,122,cow
D,Adam Pardy,2500,Wpg@Mon 07:30PM ET,,,0.708,0,0,0.2832,0,0,123,cow
D,Alex Goligoski,3700,Dal@Ari 09:00PM ET,,,2.679,0,0,0.7240540541,0,0,124,cow
D,Alex Pietrangelo,5100,Buf@StL 08:00PM ET,,,3.107,0,0,0.6092156863,0,0,125,cow
D,Alexander Edler,5300,Ott@Van 10:00PM ET,,,3.531,0,0,0.6662264151,0,0,126,cow
D,Alexei Emelin,3100,Wpg@Mon 07:30PM ET,,,1.857,0,0,0.5990322581,0,0,127,cow
D,Andre Benoit,2500,Buf@StL 08:00PM ET,,,1.267,0,0,0.5068,0,0,128,cow
D,Andrei Markov,4300,Wpg@Mon 07:30PM ET,,,2.7,0,0,0.6279069767,0,0,129,cow
D,Andrej Meszaros,2700,Buf@StL 08:00PM ET,,,1.214,0,0,0.4496296296,0,0,130,cow
D,Andrej Sustr,2500,TB@Chi 08:30PM ET,,,1.107,0,0,0.4428,0,0,131,cow
D,Andrew Ference,2500,Edm@Nsh 08:00PM ET,,,1.125,0,0,0.45,0,0,132,cow
D,Andy Greene,3200,Min@NJ 07:00PM ET,,,2.267,0,0,0.7084375,0,0,133,cow
D,Anton Stralman,3400,TB@Chi 08:30PM ET,,,2.667,0,0,0.7844117647,0,0,134,cow
D,Anton Volchenkov,2500,Edm@Nsh 08:00PM ET,,,1.45,0,0,0.58,0,0,135,cow
D,Barret Jackman,2700,Buf@StL 08:00PM ET,,,1.5,0,0,0.5555555556,0,0,136,cow
D,Brad Stuart,2500,Col@NYI 07:00PM ET,,,1.333,0,0,0.5332,0,0,137,cow
D,Brandon Gormley,2500,Dal@Ari 09:00PM ET,,,1.167,0,0,0.4668,0,0,138,cow
D,Brenden Dillon,2500,Dal@Ari 09:00PM ET,,,1.286,0,0,0.5144,0,0,139,cow
D,Brent Burns,6000,SJ@Fla 07:30PM ET,,,4.563,0,0,0.7605,0,0,140,cow
D,Brent Seabrook,4900,TB@Chi 08:30PM ET,,,3.233,0,0,0.6597959184,0,0,141,cow
D,Brian Campbell,3200,SJ@Fla 07:30PM ET,,,1.625,0,0,0.5078125,0,0,142,cow
D,Brian Strait,2500,Col@NYI 07:00PM ET,,,1.208,0,0,0.4832,0,0,143,cow
D,Brooks Orpik,3100,Cls@Was 07:00PM ET,,,2.214,0,0,0.7141935484,0,0,144,cow
D,Bryce Salvador,2500,Min@NJ 07:00PM ET,,,1.333,0,0,0.5332,0,0,145,cow
D,Calvin de Haan,2800,Col@NYI 07:00PM ET,,,1.591,0,0,0.5682142857,0,0,146,cow
D,Carl Gunnarsson,2500,Buf@StL 08:00PM ET,,,1.286,0,0,0.5144,0,0,147,cow
D,Chris Phillips,2900,Ott@Van 10:00PM ET,,,1.792,0,0,0.6179310345,0,0,148,cow
D,Chris Summers,2500,Dal@Ari 09:00PM ET,,,0.833,0,0,0.3332,0,0,149,cow
D,Christian Ehrhoff,4000,Pit@NYR 07:00PM ET,,,1.808,0,0,0.452,0,0,150,cow
D,Christian Folin,2500,Min@NJ 07:00PM ET,,,0.714,0,0,0.2856,0,0,151,cow
D,Christopher Tanev,3000,Ott@Van 10:00PM ET,,,1.625,0,0,0.5416666667,0,0,152,cow
D,Cody Ceci,3100,Ott@Van 10:00PM ET,,,2.143,0,0,0.6912903226,0,0,153,cow
D,Colby Robak,2500,SJ@Fla 07:30PM ET,,,0.125,0,0,0.05,0,0,154,cow
D,Connor Murphy,2500,Dal@Ari 09:00PM ET,,,1.25,0,0,0.5,0,0,155,cow
D,Conor Allen,2500,Pit@NYR 07:00PM ET,,,0.25,0,0,0.1,0,0,156,cow
D,Dalton Prout,2500,Cls@Was 07:00PM ET,,,1.273,0,0,0.5092,0,0,157,cow
D,Damon Severson,2900,Min@NJ 07:00PM ET,,,2.867,0,0,0.9886206897,0,0,158,cow
D,Dan Girardi,4200,Pit@NYR 07:00PM ET,,,2.714,0,0,0.6461904762,0,0,159,cow
D,Dan Hamhuis,3300,Ott@Van 10:00PM ET,,,2,0,0,0.6060606061,0,0,160,cow
D,David Rundblad,2500,TB@Chi 08:30PM ET,,,1.136,0,0,0.4544,0,0,161,cow
D,David Savard,2900,Cls@Was 07:00PM ET,,,2.179,0,0,0.7513793103,0,0,162,cow
D,David Schlemko,2500,Dal@Ari 09:00PM ET,,,1.25,0,0,0.5,0,0,163,cow
D,Derek Morris,3000,Dal@Ari 09:00PM ET,,,0,0,0,0,0,0,164,cow
D,Dmitry Kulikov,3300,SJ@Fla 07:30PM ET,,,1.667,0,0,0.5051515152,0,0,165,cow
D,Duncan Keith,5300,TB@Chi 08:30PM ET,,,3.467,0,0,0.6541509434,0,0,166,cow
D,Dylan Olsen,2500,SJ@Fla 07:30PM ET,,,1.25,0,0,0.5,0,0,167,cow
D,Ed Jovanovski,2600,SJ@Fla 07:30PM ET,,,0,0,0,0,0,0,168,cow
D,Eric Brewer,2500,TB@Chi 08:30PM ET,,,1.179,0,0,0.4716,0,0,169,cow
D,Eric Gelinas,3100,Min@NJ 07:00PM ET,,,1.846,0,0,0.595483871,0,0,170,cow
D,Eric Gryba,2500,Ott@Van 10:00PM ET,,,0.75,0,0,0.3,0,0,171,cow
D,Erik Gudbranson,2700,SJ@Fla 07:30PM ET,,,1.542,0,0,0.5711111111,0,0,172,cow
D,Erik Johnson,5000,Col@NYI 07:00PM ET,,,3.406,0,0,0.6812,0,0,173,cow
D,Erik Karlsson,6600,Ott@Van 10:00PM ET,,,4.321,0,0,0.6546969697,0,0,174,cow
D,Fedor Tyutin,2600,Cls@Was 07:00PM ET,,,1.464,0,0,0.5630769231,0,0,175,cow
D,Frederic St-Denis,2500,Cls@Was 07:00PM ET,,,0.833,0,0,0.3332,0,0,176,cow
D,Grant Clitsome,2500,Wpg@Mon 07:30PM ET,,,0.583,0,0,0.2332,0,0,177,cow
D,Ian Cole,2500,Buf@StL 08:00PM ET,,,1.214,0,0,0.4856,0,0,178,cow
D,Jack Hillen,2500,Cls@Was 07:00PM ET,,,0.056,0,0,0.0224,0,0,179,cow
D,Jacob Trouba,4800,Wpg@Mon 07:30PM ET,,,2.733,0,0,0.569375,0,0,180,cow
D,James Wisniewski,4700,Cls@Was 07:00PM ET,,,3.045,0,0,0.6478723404,0,0,181,cow
D,Jamie Oleksiak,2500,Dal@Ari 09:00PM ET,,,1.35,0,0,0.54,0,0,182,cow
D,Jan Hejda,2700,Col@NYI 07:00PM ET,,,1.969,0,0,0.7292592593,0,0,183,cow
D,Jared Cowen,2700,Ott@Van 10:00PM ET,,,1.208,0,0,0.4474074074,0,0,184,cow
D,Jason Demers,3000,SJ@Fla 07:30PM ET,,,1.167,0,0,0.389,0,0,185,cow
D,Jason Garrison,5300,TB@Chi 08:30PM ET,,,3.1,0,0,0.5849056604,0,0,186,cow
D,Jay Bouwmeester,3400,Buf@StL 08:00PM ET,,,1.607,0,0,0.4726470588,0,0,187,cow
D,Jeff Petry,2800,Edm@Nsh 08:00PM ET,,,1.571,0,0,0.5610714286,0,0,188,cow
D,John Carlson,6000,Cls@Was 07:00PM ET,,,3.857,0,0,0.6428333333,0,0,189,cow
D,John Klingberg,2500,Dal@Ari 09:00PM ET,,,0,0,0,0,0,0,190,cow
D,John Moore,2500,Pit@NYR 07:00PM ET,,,1.278,0,0,0.5112,0,0,191,cow
D,Johnny Boychuk,4600,Col@NYI 07:00PM ET,,,3.538,0,0,0.7691304348,0,0,192,cow
D,Johnny Oduya,2800,TB@Chi 08:30PM ET,,,1.767,0,0,0.6310714286,0,0,193,cow
D,Jonas Brodin,3200,Min@NJ 07:00PM ET,,,1.708,0,0,0.53375,0,0,194,cow
D,Jonathon Blum,2500,Min@NJ 07:00PM ET,,,0,0,0,0,0,0,195,cow
D,Jordan Leopold,2500,Buf@StL 08:00PM ET,,,0.375,0,0,0.15,0,0,196,cow
D,Jordie Benn,3000,Dal@Ari 09:00PM ET,,,2,0,0,0.6666666667,0,0,197,cow
D,Josh Gorges,2900,Buf@StL 08:00PM ET,,,2.219,0,0,0.7651724138,0,0,198,cow
D,Justin Braun,3500,SJ@Fla 07:30PM ET,,,2.25,0,0,0.6428571429,0,0,199,cow
D,Justin Schultz,4200,Edm@Nsh 08:00PM ET,,,2.533,0,0,0.6030952381,0,0,200,cow
D,Karl Alzner,2800,Cls@Was 07:00PM ET,,,1.821,0,0,0.6503571429,0,0,201,cow
D,Keith Aulie,2500,Edm@Nsh 08:00PM ET,,,0.667,0,0,0.2668,0,0,202,cow
D,Keith Ballard,2500,Min@NJ 07:00PM ET,,,1.5,0,0,0.6,0,0,203,cow
D,Keith Yandle,5800,Dal@Ari 09:00PM ET,,,4.571,0,0,0.7881034483,0,0,204,cow
D,Kevin Bieksa,3400,Ott@Van 10:00PM ET,,,2.063,0,0,0.6067647059,0,0,205,cow
D,Kevin Connauton,2500,Dal@Ari 09:00PM ET,,,1.1,0,0,0.44,0,0,206,cow
D,Kevin Klein,3000,Pit@NYR 07:00PM ET,,,2.269,0,0,0.7563333333,0,0,207,cow
D,Kevin Shattenkirk,4700,Buf@StL 08:00PM ET,,,3.214,0,0,0.6838297872,0,0,208,cow
D,Kris Letang,6900,Pit@NYR 07:00PM ET,,,4.538,0,0,0.6576811594,0,0,209,cow
D,Lubomir Visnovsky,3600,Col@NYI 07:00PM ET,,,2.5,0,0,0.6944444444,0,0,210,cow
D,Luca Sbisa,2800,Ott@Van 10:00PM ET,,,1.75,0,0,0.625,0,0,211,cow
D,Marc Staal,2900,Pit@NYR 07:00PM ET,,,1.821,0,0,0.6279310345,0,0,212,cow
D,Marc-Edouard Vlasic,3100,SJ@Fla 07:30PM ET,,,1.906,0,0,0.6148387097,0,0,213,cow
D,Marco Scandella,3400,Min@NJ 07:00PM ET,,,2.846,0,0,0.8370588235,0,0,214,cow
D,Marek Zidlicky,4300,Min@NJ 07:00PM ET,,,2.767,0,0,0.6434883721,0,0,215,cow
D,Mark Barberio,2500,TB@Chi 08:30PM ET,,,0.4,0,0,0.16,0,0,216,cow
D,Mark Borowiecki,2500,Ott@Van 10:00PM ET,,,0.885,0,0,0.354,0,0,217,cow
D,Mark Fayne,3100,Edm@Nsh 08:00PM ET,,,2.267,0,0,0.7312903226,0,0,218,cow
D,Mark Stuart,2900,Wpg@Mon 07:30PM ET,,,1.833,0,0,0.6320689655,0,0,219,cow
D,Martin Marincin,2500,Edm@Nsh 08:00PM ET,,,0.944,0,0,0.3776,0,0,220,cow
D,Matt Donovan,3100,Col@NYI 07:00PM ET,,,0,0,0,0,0,0,221,cow
D,Matt Dumba,3400,Min@NJ 07:00PM ET,,,1.75,0,0,0.5147058824,0,0,222,cow
D,Matt Hunwick,2900,Pit@NYR 07:00PM ET,,,1.846,0,0,0.6365517241,0,0,223,cow
D,Matt IWin,2800,SJ@Fla 07:30PM ET,,,1.385,0,0,0.4946428571,0,0,224,cow
D,Matt Niskanen,3700,Cls@Was 07:00PM ET,,,1.893,0,0,0.5116216216,0,0,225,cow
D,Matthew Carle,2900,TB@Chi 08:30PM ET,,,1.433,0,0,0.494137931,0,0,226,cow
D,Mattias Ekholm,2500,Edm@Nsh 08:00PM ET,,,1.357,0,0,0.5428,0,0,227,cow
D,Michael Kostka,2800,Pit@NYR 07:00PM ET,,,1.188,0,0,0.4242857143,0,0,228,cow
D,Michael Stone,3800,Dal@Ari 09:00PM ET,,,2.643,0,0,0.6955263158,0,0,229,cow
D,Michal Rozsival,2500,TB@Chi 08:30PM ET,,,0.6,0,0,0.24,0,0,230,cow
D,Mike Green,4800,Cls@Was 07:00PM ET,,,3.423,0,0,0.713125,0,0,231,cow
D,Mike Weaver,2500,Wpg@Mon 07:30PM ET,,,1.357,0,0,0.5428,0,0,232,cow
D,Mike Weber,2500,Buf@StL 08:00PM ET,,,1.179,0,0,0.4716,0,0,233,cow
D,Mirco Mueller,3000,SJ@Fla 07:30PM ET,,,1.846,0,0,0.6153333333,0,0,234,cow
D,Nate Guenin,2600,Col@NYI 07:00PM ET,,,1.458,0,0,0.5607692308,0,0,235,cow
D,Nate Prosser,2500,Min@NJ 07:00PM ET,,,1.278,0,0,0.5112,0,0,236,cow
D,Nate Schmidt,2500,Cls@Was 07:00PM ET,,,0.893,0,0,0.3572,0,0,237,cow
D,Nathan Beaulieu,2500,Wpg@Mon 07:30PM ET,,,1.389,0,0,0.5556,0,0,238,cow
D,Nick Holden,3000,Col@NYI 07:00PM ET,,,1.688,0,0,0.5626666667,0,0,239,cow
D,Nick Leddy,3300,Col@NYI 07:00PM ET,,,2.321,0,0,0.7033333333,0,0,240,cow
D,Nikita Nikitin,3200,Edm@Nsh 08:00PM ET,,,2.167,0,0,0.6771875,0,0,241,cow
D,Nikita Zadorov,2500,Buf@StL 08:00PM ET,,,0.286,0,0,0.1144,0,0,242,cow
D,Niklas Hjalmarsson,2900,TB@Chi 08:30PM ET,,,1.767,0,0,0.6093103448,0,0,243,cow
D,Oliver Ekman-Larsson,5100,Dal@Ari 09:00PM ET,,,3.607,0,0,0.707254902,0,0,244,cow
D,Olli Maatta,3600,Pit@NYR 07:00PM ET,,,2.154,0,0,0.5983333333,0,0,245,cow
D,Oscar Klefbom,2500,Edm@Nsh 08:00PM ET,,,0.667,0,0,0.2668,0,0,246,cow
D,P.K. Subban,5700,Wpg@Mon 07:30PM ET,,,3.333,0,0,0.5847368421,0,0,247,cow
D,Patrick Wiercioch,3400,Ott@Van 10:00PM ET,,,1.542,0,0,0.4535294118,0,0,248,cow
D,Paul Martin,3100,Pit@NYR 07:00PM ET,,,2.077,0,0,0.67,0,0,249,cow
D,Paul Postma,2500,Wpg@Mon 07:30PM ET,,,1.4,0,0,0.56,0,0,250,cow
D,Radko Gudas,3300,TB@Chi 08:30PM ET,,,2.125,0,0,0.6439393939,0,0,251,cow
D,Rasmus Ristolainen,2600,Buf@StL 08:00PM ET,,,1.156,0,0,0.4446153846,0,0,252,cow
D,Rob Scuderi,2500,Pit@NYR 07:00PM ET,,,1.038,0,0,0.4152,0,0,253,cow
D,Robert Bortuzzo,3300,Pit@NYR 07:00PM ET,,,1.5,0,0,0.4545454545,0,0,254,cow
D,Roman Josi,4600,Edm@Nsh 08:00PM ET,,,3.036,0,0,0.66,0,0,255,cow
D,Ryan Ellis,4000,Edm@Nsh 08:00PM ET,,,2.871,0,0,0.71775,0,0,256,cow
D,Ryan Stanton,2700,Ott@Van 10:00PM ET,,,1.786,0,0,0.6614814815,0,0,257,cow
D,Ryan Suter,4600,Min@NJ 07:00PM ET,,,2.846,0,0,0.6186956522,0,0,258,cow
D,Scott Hannan,2500,SJ@Fla 07:30PM ET,,,0.536,0,0,0.2144,0,0,259,cow
D,Scott Harrington,2500,Pit@NYR 07:00PM ET,,,0,0,0,0,0,0,260,cow
D,Sergei Gonchar,3200,Dal@Ari 09:00PM ET,,,1.333,0,0,0.4165625,0,0,261,cow
D,Seth Jones,2900,Edm@Nsh 08:00PM ET,,,1.429,0,0,0.4927586207,0,0,262,cow
D,Shea Weber,5600,Edm@Nsh 08:00PM ET,,,3.464,0,0,0.6185714286,0,0,263,cow
D,Simon Despres,2600,Pit@NYR 07:00PM ET,,,2.115,0,0,0.8134615385,0,0,264,cow
D,Thomas Hickey,3000,Col@NYI 07:00PM ET,,,1.893,0,0,0.631,0,0,265,cow
D,Tim Erixon,2800,Cls@Was 07:00PM ET,,,1.615,0,0,0.5767857143,0,0,266,cow
D,Tobias Enstrom,4100,Wpg@Mon 07:30PM ET,,,2.667,0,0,0.6504878049,0,0,267,cow
D,Tom Gilbert,3200,Wpg@Mon 07:30PM ET,,,1.967,0,0,0.6146875,0,0,268,cow
D,Travis Hamonic,3500,Col@NYI 07:00PM ET,,,2.2,0,0,0.6285714286,0,0,269,cow
D,Trevor Daley,4300,Dal@Ari 09:00PM ET,,,3.607,0,0,0.8388372093,0,0,270,cow
D,Trevor van Riemsdyk,2500,TB@Chi 08:30PM ET,,,1.133,0,0,0.4532,0,0,271,cow
D,Tyler Myers,3600,Buf@StL 08:00PM ET,,,1.938,0,0,0.5383333333,0,0,272,cow
D,Tyson Barrie,4500,Col@NYI 07:00PM ET,,,2.813,0,0,0.6251111111,0,0,273,cow
D,Tyson Strachan,2600,Buf@StL 08:00PM ET,,,1.214,0,0,0.4669230769,0,0,274,cow
D,Victor Bartley,2500,Edm@Nsh 08:00PM ET,,,0.545,0,0,0.218,0,0,275,cow
D,Willie Mitchell,3000,SJ@Fla 07:30PM ET,,,2,0,0,0.6666666667,0,0,276,cow
D,Yannick Weber,2500,Ott@Van 10:00PM ET,,,1.25,0,0,0.5,0,0,277,cow
D,Zach Bogosian,4300,Wpg@Mon 07:30PM ET,,,2.571,0,0,0.5979069767,0,0,278,cow
D,Zach Redmond,2900,Col@NYI 07:00PM ET,,,2.357,0,0,0.8127586207,0,0,279,cow
D,Zbynek Michalek,3100,Dal@Ari 09:00PM ET,,,2.036,0,0,0.6567741935,0,0,280,cow
G,Alex Stalock,7400,SJ@Fla 07:30PM ET,,,5.08,0,0,0.6864864865,0,0,281,cow
G,Ben Bishop,7800,TB@Chi 08:30PM ET,,,4.917,0,0,0.6303846154,0,0,282,cow
G,Ben Scrivens,6300,Edm@Nsh 08:00PM ET,,,3.345,0,0,0.530952381,0,0,283,cow
G,Braden Holtby,6800,Cls@Was 07:00PM ET,,,3.56,0,0,0.5235294118,0,0,284,cow
G,Brian Elliott,8600,Buf@StL 08:00PM ET,,,5.067,0,0,0.5891860465,0,0,285,cow
G,Carey Price,8000,Wpg@Mon 07:30PM ET,,,4.554,0,0,0.56925,0,0,286,cow
G,Corey Crawford,7900,TB@Chi 08:30PM ET,,,4.978,0,0,0.6301265823,0,0,287,cow
G,Craig Anderson,9200,Ott@Van 10:00PM ET,,,7.05,0,0,0.7663043478,0,0,288,cow
G,Curtis McElhinney,6200,Cls@Was 07:00PM ET,,,1.9,0,0,0.3064516129,0,0,289,cow
G,Darcy Kuemper,7000,Min@NJ 07:00PM ET,,,4.74,0,0,0.6771428571,0,0,290,cow
G,Henrik Lundqvist,7700,Pit@NYR 07:00PM ET,,,4.455,0,0,0.5785714286,0,0,291,cow
G,Jaroslav Halak,6900,Col@NYI 07:00PM ET,,,4.422,0,0,0.6408695652,0,0,292,cow
G,Kari Lehtonen,6400,Dal@Ari 09:00PM ET,,,3.745,0,0,0.58515625,0,0,293,cow
G,Keith Kinkaid,6300,Min@NJ 07:00PM ET,,,0.5,0,0,0.07936507937,0,0,294,cow
G,Marc-Andre Fleury,9500,Pit@NYR 07:00PM ET,,,6.436,0,0,0.6774736842,0,0,295,cow
G,Michal Neuvirth,7500,Buf@StL 08:00PM ET,,,5.2,0,0,0.6933333333,0,0,296,cow
G,Mike Smith,7000,Dal@Ari 09:00PM ET,,,3.618,0,0,0.5168571429,0,0,297,cow
G,Ondrej Pavelec,7800,Wpg@Mon 07:30PM ET,,,4.686,0,0,0.6007692308,0,0,298,cow
G,Pekka Rinne,8800,Edm@Nsh 08:00PM ET,,,5.867,0,0,0.6667045455,0,0,299,cow
G,Roberto Luongo,7700,SJ@Fla 07:30PM ET,,,4.64,0,0,0.6025974026,0,0,300,cow
G,Ryan Miller,8200,Ott@Van 10:00PM ET,,,5.15,0,0,0.6280487805,0,0,301,cow
G,Semyon Varlamov,8400,Col@NYI 07:00PM ET,,,4.72,0,0,0.5619047619,0,0,302,cow
W,Adam Lowry,2500,Wpg@Mon 07:30PM ET,,,1.033,0,0,0.4132,0,0,303,cow
W,Alex Killorn,3400,TB@Chi 08:30PM ET,,,1.7,0,0,0.5,0,0,304,cow
W,Alex Tanguay,3000,Col@NYI 07:00PM ET,,,2.544,0,0,0.848,0,0,305,cow
W,Alexander Steen,5400,Buf@StL 08:00PM ET,,,3.086,0,0,0.5714814815,0,0,306,cow
W,Andre Burakovsky,3700,Cls@Was 07:00PM ET,,,2.607,0,0,0.7045945946,0,0,307,cow
W,Andrew Ladd,5300,Wpg@Mon 07:30PM ET,,,3.433,0,0,0.6477358491,0,0,308,cow
W,Anthony Duclair,2500,Pit@NYR 07:00PM ET,,,1.75,0,0,0.7,0,0,309,cow
W,Antoine Roussel,3800,Dal@Ari 09:00PM ET,,,2.75,0,0,0.7236842105,0,0,310,cow
W,Benoit Pouliot,3400,Edm@Nsh 08:00PM ET,,,1.867,0,0,0.5491176471,0,0,311,cow
W,Blake Comeau,3100,Pit@NYR 07:00PM ET,,,2.423,0,0,0.7816129032,0,0,312,cow
W,Brandon DeFazio,2500,Ott@Van 10:00PM ET,,,0,0,0,0,0,0,313,cow
W,Brandon McMillan,2500,Dal@Ari 09:00PM ET,,,0.75,0,0,0.3,0,0,314,cow
W,Brandon Prust,2500,Wpg@Mon 07:30PM ET,,,0.933,0,0,0.3732,0,0,315,cow
W,Brandon Saad,5000,TB@Chi 08:30PM ET,,,2.767,0,0,0.5534,0,0,316,cow
W,Brenden Morrow,2500,TB@Chi 08:30PM ET,,,0.567,0,0,0.2268,0,0,317,cow
W,Bryan Bickell,2900,TB@Chi 08:30PM ET,,,1.767,0,0,0.6093103448,0,0,318,cow
W,Carl Hagelin,4600,Pit@NYR 07:00PM ET,,,2.536,0,0,0.5513043478,0,0,319,cow
W,Chris Higgins,4500,Ott@Van 10:00PM ET,,,2.731,0,0,0.6068888889,0,0,320,cow
W,Chris Kreider,4700,Pit@NYR 07:00PM ET,,,2.821,0,0,0.600212766,0,0,321,cow
W,Chris Kunitz,7000,Pit@NYR 07:00PM ET,,,4.269,0,0,0.6098571429,0,0,322,cow
W,Chris Porter,2500,Buf@StL 08:00PM ET,,,0.4,0,0,0.16,0,0,323,cow
W,Clarke MacArthur,5200,Ott@Van 10:00PM ET,,,3.607,0,0,0.6936538462,0,0,324,cow
W,Cody McLeod,2500,Col@NYI 07:00PM ET,,,1.156,0,0,0.4624,0,0,325,cow
W,Colin Greening,2500,Ott@Van 10:00PM ET,,,0.591,0,0,0.2364,0,0,326,cow
W,Cory Conacher,2600,Col@NYI 07:00PM ET,,,1.5,0,0,0.5769230769,0,0,327,cow
W,Curtis McKenzie,2500,Dal@Ari 09:00PM ET,,,0.875,0,0,0.35,0,0,328,cow
W,Dainius Zubrus,2500,Min@NJ 07:00PM ET,,,1.1,0,0,0.44,0,0,329,cow
W,Dan Carcillo,2600,TB@Chi 08:30PM ET,,,1.05,0,0,0.4038461538,0,0,330,cow
W,Daniel Sedin,5400,Ott@Van 10:00PM ET,,,3.469,0,0,0.6424074074,0,0,331,cow
W,David Perron,4500,Edm@Nsh 08:00PM ET,,,2.267,0,0,0.5037777778,0,0,332,cow
W,Drayson Bowman,2500,Wpg@Mon 07:30PM ET,,,0,0,0,0,0,0,333,cow
W,Eric Boulton,2500,Col@NYI 07:00PM ET,,,0.625,0,0,0.25,0,0,334,cow
W,Eric Nystrom,2600,Edm@Nsh 08:00PM ET,,,1.464,0,0,0.5630769231,0,0,335,cow
W,Erik Cole,2700,Dal@Ari 09:00PM ET,,,1.923,0,0,0.7122222222,0,0,336,cow
W,Evander Kane,5300,Wpg@Mon 07:30PM ET,,,2.743,0,0,0.5175471698,0,0,337,cow
W,Gabriel Bourque,2500,Edm@Nsh 08:00PM ET,,,0.636,0,0,0.2544,0,0,338,cow
W,Gabriel Landeskog,5600,Col@NYI 07:00PM ET,,,2.969,0,0,0.5301785714,0,0,339,cow
W,Jaden Schwartz,5800,Buf@StL 08:00PM ET,,,4.143,0,0,0.7143103448,0,0,340,cow
W,James Neal,6800,Edm@Nsh 08:00PM ET,,,4.143,0,0,0.6092647059,0,0,341,cow
W,Jamie Benn,6300,Dal@Ari 09:00PM ET,,,4.05,0,0,0.6428571429,0,0,342,cow
W,Jamie McGinn,3800,Col@NYI 07:00PM ET,,,2.156,0,0,0.5673684211,0,0,343,cow
W,Jason Chimera,2600,Cls@Was 07:00PM ET,,,1.071,0,0,0.4119230769,0,0,344,cow
W,Jason Zucker,2800,Min@NJ 07:00PM ET,,,2.5,0,0,0.8928571429,0,0,345,cow
W,Jeremy Morin,2600,TB@Chi 08:30PM ET,,,0.962,0,0,0.37,0,0,346,cow
W,Jesse Joensuu,2500,Edm@Nsh 08:00PM ET,,,1.367,0,0,0.5468,0,0,347,cow
W,Jiri Sekac,2700,Wpg@Mon 07:30PM ET,,,1.667,0,0,0.6174074074,0,0,348,cow
W,John Scott,2500,SJ@Fla 07:30PM ET,,,0.444,0,0,0.1776,0,0,349,cow
W,Jonathan Drouin,4300,TB@Chi 08:30PM ET,,,2.091,0,0,0.4862790698,0,0,350,cow
W,Jonathan Huberdeau,3200,SJ@Fla 07:30PM ET,,,1.291,0,0,0.4034375,0,0,351,cow
W,Kris Versteeg,3900,TB@Chi 08:30PM ET,,,2.308,0,0,0.5917948718,0,0,352,cow
W,Lauri Korpikoski,2500,Dal@Ari 09:00PM ET,,,1.571,0,0,0.6284,0,0,353,cow
W,Magnus Paajarvi,2500,Buf@StL 08:00PM ET,,,0.2,0,0,0.08,0,0,354,cow
W,Marcus Foligno,2500,Buf@StL 08:00PM ET,,,1.346,0,0,0.5384,0,0,355,cow
W,Mats Zuccarello,5000,Pit@NYR 07:00PM ET,,,2.433,0,0,0.4866,0,0,356,cow
W,Matt Calvert,2900,Cls@Was 07:00PM ET,,,1.389,0,0,0.4789655172,0,0,357,cow
W,Matt Hendricks,2800,Edm@Nsh 08:00PM ET,,,1.833,0,0,0.6546428571,0,0,358,cow
W,Matt Martin,2500,Col@NYI 07:00PM ET,,,1,0,0,0.4,0,0,359,cow
W,Matt Moulson,4000,Buf@StL 08:00PM ET,,,1.638,0,0,0.4095,0,0,360,cow
W,Matthew Nieto,2800,SJ@Fla 07:30PM ET,,,2.188,0,0,0.7814285714,0,0,361,cow
W,Max Pacioretty,6900,Wpg@Mon 07:30PM ET,,,3.867,0,0,0.5604347826,0,0,362,cow
W,Michael Cammalleri,5100,Min@NJ 07:00PM ET,,,3.591,0,0,0.7041176471,0,0,363,cow
W,Mike Hoffman,3200,Ott@Van 10:00PM ET,,,2.423,0,0,0.7571875,0,0,364,cow
W,Mikkel Boedker,4000,Dal@Ari 09:00PM ET,,,2.764,0,0,0.691,0,0,365,cow
W,Milan Michalek,3700,Ott@Van 10:00PM ET,,,1.857,0,0,0.5018918919,0,0,366,cow
W,Nick Foligno,5600,Cls@Was 07:00PM ET,,,4.269,0,0,0.7623214286,0,0,367,cow
W,Nicklas Jensen,2500,Ott@Van 10:00PM ET,,,0.5,0,0,0.2,0,0,368,cow
W,Nicolas Deslauriers,2500,Buf@StL 08:00PM ET,,,0.906,0,0,0.3624,0,0,369,cow
W,Nikolai Kulemin,2700,Col@NYI 07:00PM ET,,,1.893,0,0,0.7011111111,0,0,370,cow
W,Ondrej Palat,4900,TB@Chi 08:30PM ET,,,2.867,0,0,0.5851020408,0,0,371,cow
W,Pascal Dupuis,4300,Pit@NYR 07:00PM ET,,,3.192,0,0,0.7423255814,0,0,372,cow
W,Patrick Marleau,6200,SJ@Fla 07:30PM ET,,,3.856,0,0,0.6219354839,0,0,373,cow
W,Patrick Sharp,6200,TB@Chi 08:30PM ET,,,3.693,0,0,0.5956451613,0,0,374,cow
W,Rick Nash,6500,Pit@NYR 07:00PM ET,,,4.657,0,0,0.7164615385,0,0,375,cow
W,Rob Klinkhammer,2600,Dal@Ari 09:00PM ET,,,1.393,0,0,0.5357692308,0,0,376,cow
W,Ryan Malone,2500,Pit@NYR 07:00PM ET,,,0.5,0,0,0.2,0,0,377,cow
W,Ryan O'Reilly,5000,Col@NYI 07:00PM ET,,,2.656,0,0,0.5312,0,0,378,cow
W,Ryane Clowe,2700,Min@NJ 07:00PM ET,,,1.308,0,0,0.4844444444,0,0,379,cow
W,Scott Hartnell,6400,Cls@Was 07:00PM ET,,,4.536,0,0,0.70875,0,0,380,cow
W,Sean Bergenheim,3400,SJ@Fla 07:30PM ET,,,1.591,0,0,0.4679411765,0,0,381,cow
W,Shawn Thornton,2500,SJ@Fla 07:30PM ET,,,0.818,0,0,0.3272,0,0,382,cow
W,Stephane Veilleux,2500,Min@NJ 07:00PM ET,,,0.7,0,0,0.28,0,0,383,cow
W,T.J. Galiardi,2500,Wpg@Mon 07:30PM ET,,,0.7,0,0,0.28,0,0,384,cow
W,Tanner Glass,2500,Pit@NYR 07:00PM ET,,,0.5,0,0,0.2,0,0,385,cow
W,Taylor Beck,2500,Edm@Nsh 08:00PM ET,,,0.929,0,0,0.3716,0,0,386,cow
W,Thomas Vanek,5000,Min@NJ 07:00PM ET,,,2.462,0,0,0.4924,0,0,387,cow
W,Tomas Fleischmann,2700,SJ@Fla 07:30PM ET,,,1.125,0,0,0.4166666667,0,0,388,cow
W,Tomas Hertl,4000,SJ@Fla 07:30PM ET,,,1.656,0,0,0.414,0,0,389,cow
W,Travis Moen,2500,Wpg@Mon 07:30PM ET,,,0.875,0,0,0.35,0,0,390,cow
W,Tuomo Ruutu,2500,Min@NJ 07:00PM ET,,,1.143,0,0,0.4572,0,0,391,cow
W,Tye McGinn,2500,SJ@Fla 07:30PM ET,,,0.643,0,0,0.2572,0,0,392,cow
W,Tyler Kennedy,2900,SJ@Fla 07:30PM ET,,,2,0,0,0.6896551724,0,0,393,cow
W,Viktor Stalberg,2500,Edm@Nsh 08:00PM ET,,,0.75,0,0,0.3,0,0,394,cow
W,Zach Parise,6600,Min@NJ 07:00PM ET,,,4.25,0,0,0.6439393939,0,0,395,cow
W,Adam Burish,2600,SJ@Fla 07:30PM ET,,,1.469,0,0,0.565,0,0,396,cow
W,Adam Cracknell,2500,Cls@Was 07:00PM ET,,,0.667,0,0,0.2668,0,0,397,cow
W,Ales Hemsky,2800,Dal@Ari 09:00PM ET,,,1.071,0,0,0.3825,0,0,398,cow
W,Alex Chiasson,4100,Ott@Van 10:00PM ET,,,2.591,0,0,0.6319512195,0,0,399,cow
W,Alex Ovechkin,9000,Cls@Was 07:00PM ET,,,5.086,0,0,0.5651111111,0,0,400,cow
W,Alexandre Burrows,4000,Ott@Van 10:00PM ET,,,2.885,0,0,0.72125,0,0,401,cow
W,B.J. Crombeen,2500,Dal@Ari 09:00PM ET,,,0.5,0,0,0.2,0,0,402,cow
W,Barclay Goodrow,2500,SJ@Fla 07:30PM ET,,,0.8,0,0,0.32,0,0,403,cow
W,Ben Smith,2500,TB@Chi 08:30PM ET,,,1.5,0,0,0.6,0,0,404,cow
W,Blake Wheeler,5900,Wpg@Mon 07:30PM ET,,,3.493,0,0,0.5920338983,0,0,405,cow
W,Bobby Ryan,5100,Ott@Van 10:00PM ET,,,3,0,0,0.5882352941,0,0,406,cow
W,Brad Boyes,3700,SJ@Fla 07:30PM ET,,,2.333,0,0,0.6305405405,0,0,407,cow
W,Brendan Gallagher,4600,Wpg@Mon 07:30PM ET,,,2.747,0,0,0.597173913,0,0,408,cow
W,Brett Connolly,2500,TB@Chi 08:30PM ET,,,1.167,0,0,0.4668,0,0,409,cow
W,Brian Gionta,3400,Buf@StL 08:00PM ET,,,1.45,0,0,0.4264705882,0,0,410,cow
W,Cal Clutterbuck,2800,Col@NYI 07:00PM ET,,,1.464,0,0,0.5228571429,0,0,411,cow
W,Cam Atkinson,5700,Cls@Was 07:00PM ET,,,3.885,0,0,0.6815789474,0,0,412,cow
W,Chris Neil,2500,Ott@Van 10:00PM ET,,,1.071,0,0,0.4284,0,0,413,cow
W,Chris Stewart,3400,Buf@StL 08:00PM ET,,,1.719,0,0,0.5055882353,0,0,414,cow
W,Chris Thorburn,2500,Wpg@Mon 07:30PM ET,,,0.567,0,0,0.2268,0,0,415,cow
W,Corey Tropp,2500,Cls@Was 07:00PM ET,,,0.643,0,0,0.2572,0,0,416,cow
W,Craig Adams,2500,Pit@NYR 07:00PM ET,,,0.615,0,0,0.246,0,0,417,cow
W,Dale Weise,2500,Wpg@Mon 07:30PM ET,,,1.417,0,0,0.5668,0,0,418,cow
W,Damien Brunner,3200,Min@NJ 07:00PM ET,,,1.727,0,0,0.5396875,0,0,419,cow
W,Dennis Everberg,2500,Col@NYI 07:00PM ET,,,1.591,0,0,0.6364,0,0,420,cow
W,Derek Dorsett,2800,Ott@Van 10:00PM ET,,,1.6,0,0,0.5714285714,0,0,421,cow
W,Dmitrij Jaskin,2500,Buf@StL 08:00PM ET,,,0.857,0,0,0.3428,0,0,422,cow
W,Drew Stafford,4100,Buf@StL 08:00PM ET,,,2.344,0,0,0.5717073171,0,0,423,cow
W,Dustin Byfuglien,5200,Wpg@Mon 07:30PM ET,,,2.567,0,0,0.4936538462,0,0,424,cow
W,Eric Fehr,4100,Cls@Was 07:00PM ET,,,2.392,0,0,0.5834146341,0,0,425,cow
W,Erik Condra,2500,Ott@Van 10:00PM ET,,,0.458,0,0,0.1832,0,0,426,cow
W,Filip Forsberg,6700,Edm@Nsh 08:00PM ET,,,4.286,0,0,0.6397014925,0,0,427,cow
W,Iiro Pakarinen,2500,Edm@Nsh 08:00PM ET,,,2.167,0,0,0.8668,0,0,428,cow
W,J.T. Brown,2700,TB@Chi 08:30PM ET,,,1.393,0,0,0.5159259259,0,0,429,cow
W,Jack Skille,2500,Cls@Was 07:00PM ET,,,1.786,0,0,0.7144,0,0,430,cow
W,Jannik Hansen,2600,Ott@Van 10:00PM ET,,,1.656,0,0,0.6369230769,0,0,431,cow
W,Jared Boll,2500,Cls@Was 07:00PM ET,,,0.536,0,0,0.2144,0,0,432,cow
W,Jarome Iginla,4700,Col@NYI 07:00PM ET,,,2.594,0,0,0.5519148936,0,0,433,cow
W,Jaromir Jagr,4100,Min@NJ 07:00PM ET,,,2.567,0,0,0.626097561,0,0,434,cow
W,Jason Pominville,5500,Min@NJ 07:00PM ET,,,3.438,0,0,0.6250909091,0,0,435,cow
W,Jimmy Hayes,3100,SJ@Fla 07:30PM ET,,,2,0,0,0.6451612903,0,0,436,cow
W,Joel Ward,4800,Cls@Was 07:00PM ET,,,3.071,0,0,0.6397916667,0,0,437,cow
W,Jordan Eberle,5700,Edm@Nsh 08:00PM ET,,,3,0,0,0.5263157895,0,0,438,cow
W,Jordin Tootoo,2500,Min@NJ 07:00PM ET,,,0.688,0,0,0.2752,0,0,439,cow
W,Justin Fontaine,2500,Min@NJ 07:00PM ET,,,1.773,0,0,0.7092,0,0,440,cow
W,Kevin Hayes,3100,Pit@NYR 07:00PM ET,,,1.682,0,0,0.5425806452,0,0,441,cow
W,Kyle Okposo,6300,Col@NYI 07:00PM ET,,,4.386,0,0,0.6961904762,0,0,442,cow
W,Lee Stempniak,3700,Pit@NYR 07:00PM ET,,,2.371,0,0,0.6408108108,0,0,443,cow
W,Linden Vey,2500,Ott@Van 10:00PM ET,,,1.75,0,0,0.7,0,0,444,cow
W,Marc-Andre Cliche,2500,Col@NYI 07:00PM ET,,,0.781,0,0,0.3124,0,0,445,cow
W,Marian Hossa,5100,TB@Chi 08:30PM ET,,,2.833,0,0,0.5554901961,0,0,446,cow
W,Mark Stone,3600,Ott@Van 10:00PM ET,,,2.5,0,0,0.6944444444,0,0,447,cow
W,Martin Erat,3100,Dal@Ari 09:00PM ET,,,2.071,0,0,0.6680645161,0,0,448,cow
W,Martin St. Louis,5400,Pit@NYR 07:00PM ET,,,2.893,0,0,0.5357407407,0,0,449,cow
W,Matt Halischuk,2500,Wpg@Mon 07:30PM ET,,,0.2,0,0,0.08,0,0,450,cow
W,Michael Frolik,4000,Wpg@Mon 07:30PM ET,,,2.333,0,0,0.58325,0,0,451,cow
W,Michael Ryder,4500,Min@NJ 07:00PM ET,,,2.633,0,0,0.5851111111,0,0,452,cow
W,Nail Yakupov,4400,Edm@Nsh 08:00PM ET,,,2.233,0,0,0.5075,0,0,453,cow
W,Nikita Kucherov,4700,TB@Chi 08:30PM ET,,,3.447,0,0,0.7334042553,0,0,454,cow
W,Nino Niederreiter,3800,Min@NJ 07:00PM ET,,,2.346,0,0,0.6173684211,0,0,455,cow
W,P.A. Parenteau,3900,Wpg@Mon 07:30PM ET,,,2.373,0,0,0.6084615385,0,0,456,cow
W,Patric Hornqvist,8100,Pit@NYR 07:00PM ET,,,5.692,0,0,0.7027160494,0,0,457,cow
W,Patrick Eaves,2500,Dal@Ari 09:00PM ET,,,1.792,0,0,0.7168,0,0,458,cow
W,Patrick Kane,6200,TB@Chi 08:30PM ET,,,3.147,0,0,0.5075806452,0,0,459,cow
W,Radim Vrbata,5500,Ott@Van 10:00PM ET,,,3.933,0,0,0.7150909091,0,0,460,cow
W,Ryan Callahan,5700,TB@Chi 08:30PM ET,,,3.558,0,0,0.6242105263,0,0,461,cow
W,Ryan Garbutt,3100,Dal@Ari 09:00PM ET,,,1.929,0,0,0.6222580645,0,0,462,cow
W,Ryan Reaves,2500,Buf@StL 08:00PM ET,,,0.964,0,0,0.3856,0,0,463,cow
W,Scottie Upshall,4100,SJ@Fla 07:30PM ET,,,2.208,0,0,0.5385365854,0,0,464,cow
W,Shane Doan,5100,Dal@Ari 09:00PM ET,,,3.107,0,0,0.6092156863,0,0,465,cow
W,Steve Bernier,2500,Min@NJ 07:00PM ET,,,2.125,0,0,0.85,0,0,466,cow
W,Steve Downie,3300,Pit@NYR 07:00PM ET,,,2.269,0,0,0.6875757576,0,0,467,cow
W,Teddy Purcell,3800,Edm@Nsh 08:00PM ET,,,1.933,0,0,0.5086842105,0,0,468,cow
W,Tobias Rieder,2500,Dal@Ari 09:00PM ET,,,1.75,0,0,0.7,0,0,469,cow
W,Tom Wilson,2900,Cls@Was 07:00PM ET,,,2.5,0,0,0.8620689655,0,0,470,cow
W,Tomas Kopecky,2600,SJ@Fla 07:30PM ET,,,1.083,0,0,0.4165384615,0,0,471,cow
W,Tommy Wingels,4800,SJ@Fla 07:30PM ET,,,3.5,0,0,0.7291666667,0,0,472,cow
W,Torrey Mitchell,2500,Buf@StL 08:00PM ET,,,0.969,0,0,0.3876,0,0,473,cow
W,Troy Brouwer,5000,Cls@Was 07:00PM ET,,,3.107,0,0,0.6214,0,0,474,cow
W,Vladimir Tarasenko,7800,Buf@StL 08:00PM ET,,,5.443,0,0,0.6978205128,0,0,475,cow